打风,mumudancing,《危险动物》时灵巧的诡计，经过时间沉淀，化为《打风》里身体发肤生出的痛。皎旸笔下的动物是寓言，真正异化的是城市中人。绚烂的消费主义把贫富不均、种族问题统统遮掩，带来的伤楚却只有个体努力消解。条形码、金丝虫、龟背老人，积重难返，狗人的报复也无济于事。最喜欢《香港快车》和《海胆刺孩》两篇，一个快，一个痛，生出唏嘘和感动。她还会在神秘又好看的城市题材上走得更远，期待新的佳作。
打风,小珠桃子还是,《香港快车》《海胆刺孩》《条形码迷宫》就很好。在大都会的光影中，寻找时代的回声。
打风,wholiar🌈,程程真的太棒啦！
打风,Qfmfq,许多对在城市生活与人际关系的描写片段都令我联想到陈映真的《夜行货车》，它们都能被归类为表达年轻人生存状况的都市小说，然而与《夜行货车》结尾刘小玲还算完满的选择相比，《打风》的主人公们在开放性的结局中似乎都选择了另一种坚持。每一代的社会变革都会分裂出新的问题，举步维艰的大都市与渐行渐远的故乡，永远是都市小说里写不完的话题。陈映真的名句“上班，是大大的骗局”放在对程皎旸《打风》的总结中也依然贴切，后者甚至融入了轻微的魔幻主义来投射人在都市生活的异化——光怪陆离的城市图景，亦人亦兽的周遭，要如何选择，才能保持自己身心的完备？
打风,shù,"瑰丽想像，天女散花般细节铺陈，
对于内地读者而言，
确为很港味的文本。
但看到最后有点累，
就像看打戏特别多的电影，
也需要一点沉静的收束。"
打风,Lorraine🌟,每一篇都觉得初看荒诞，荒诞之余又似乎全部符合“意料之外情理之中”，整本书通读完像在奇形怪状的香港环游一圈，见到了稀奇古怪且形形色色的人。以及很喜欢作者许多精妙的比喻和形容。
打风,momo,古灵精怪的香港在地写作，幻想和现实并存
打风,Cheer.S,"HK在我这里始终是带着滤镜的存在，我能道出它百般光鲜的市情的好，但置身其中总有种喘不上气的负重感。它狭小的城市空间依靠着宽广的海，它多样化和复杂的人群，它快节奏高效率的生活方式，它利落齐整的街道，它掷地有声嘈嘈切切的方言都是魅力所在，而作者通过一系列场景和故事写出了这种由外而内的层次感。
追名逐利接受游戏规则的，或是不愿被世俗裹挟抵抗资本和消费的，同样被看不见的大手推进泥潭。无论是偏远落后村落里过着穷困的处处受限日子的女性，还是在都市中辛苦打拼的被上层压制的女性，同样忍受着委屈动弹不得，皆指向了类似的身不由己和千疮百孔的生命样态。条形码，龟壳，复仇的狗，金丝虫……物化的奇诡的想象，时而飘向玄幻时而回归现实，以视化的感官体验来映照殊途同归的命运。生活哪能一直造梦，星光灿烂过后也将归于平淡。"
打风,水母廣場,超级好看！程皎旸你是故事大王！
打风,Shine,目前暂无“代餐”的一位青年作者，很擅长书写魔幻的香港故事，在奇幻、自由、荒诞的笔调中，敏锐地捕捉到当下那些“异化”的人，这些主人公的每一次“爆发”都是小说中最精彩的情节，背后藏着程皎旸特别的人生经历和对生活的体察。《打风》收录了11个发生在香港的故事，有爱情、职场、家庭……最喜欢《逃出棕榈寨》一个来自东南亚的神秘艺术家的故事，还有《海胆刺孩》里混迹油尖旺的单身妈妈以及浑身长刺的男孩……荒诞最后，是升上心头的温情。
打风,发条程程,这本书，从选稿到寻找合适的出版社，从书名创意所遭遇的风波，到今日终于见到了条目，一系列漫长的等待，配得上我所精选的这几篇个人最偏爱的作品。感谢责编对这本书的爱护与努力。朋友们，请帮我点想读吧。
打风,侯磊,语感好，天赋好。
打风,十盐锂镁,文筆特別，故事看得人心有戚戚
打风,噗噗噗,三星半，所有篇目都指向一个主题：人如何被纸醉金迷的花花世界异化，而这个主题格外适合以香港作为背景。想象很绮丽，但结尾都有点仓促，感觉没写完，或者是写不下去了。另外，作者的标点符号使用好严谨，第一次看见这么爱用分号的的中短篇😂
打风,杜嶠,尤喜开篇《狂夏夜游》。梦幻、浓烈、自由。一次荡佚于严密世俗逻辑之外的浪游。形体、记忆乃至现实本身都被丢进名为夏夜的巨大搅拌机中旋碎重组，将文本的空间感做得极佳。读者别再抓耳挠腮探寻小说万花筒般变幻不居的意旨了，享受这种迷人的阅读过程就好。
信仰,鸡狗腿子,一开篇就想高呼：久违了…这个疯狂的味道！！！每次沙耶香都总能写出我内心里不为其他人所知的隐秘想法，她写的故事就是我的假想外星。《信仰》有着和《地球星人》高度相似的内核，信仰是文化的产物，宗教和婚姻、消费主义、生存率一样都是洗脑，每个人的生活方式都构建在他选择相信的一种神经麻痹剂之上，才能忍受这生存必定伴随的不适。不管相信的是属于多数的“正常”，还是归于少数的“异常”，其实每个人都疯了癫了入魔了谁也别来审判谁。除了同名篇，最喜欢的就是自传色彩强烈的《愉悦这种罪》，从沙耶香的任一作品里都能强烈感受到她写在这一篇里面的愿望：我祈求这个世界能加快多样性的脚步，快到我跟不上，快到我忍不住恶心、想吐。快到我可以反复地呕吐，反复地思考，反复地自我审判。
信仰,伯劳,八个小故事，个个荒诞但又合理。彻底不信任任何宗教的现实主义，算不算拥有“信仰”？算啊。如果生存条件变得极度苛刻，不够努力就只能成为野人，那要不要卷？要啊！说实在的，没有什么比一个绝望的现实主义者抱住赤身裸体的“教主”嘶喊着“给我洗脑吧！让我也见到幻觉吧！”更令人感到震撼。也没有什么比两个一模一样的克隆体搂在一起做爱更让人大脑宕机。总而言之：在这样一本短篇集中，沙耶香的文笔像某种雾状的麻醉剂，迎面而来，呲地喷我一脸。药效强，但药劲儿退得也快，没几分钟人就醒过来了，一看监控自己已经原地学了半天狗叫并试图脱光乱窜。有点羞耻，但一琢磨还挺美的（笔芯）
信仰,渡边,如果你喜欢《黑镜》式的故事——荒诞、诡异、猎奇，但内核都是对人类社会的讽刺——那你应该也会喜欢村田沙耶香的小说。短小锋利，类似小说的概念设定集，《信仰》《生存》都挺有记忆点。
信仰,犀川奈奈,2025-262 每当千篇一律的我读到沙耶香的书时，都感受到了一种“文化冲击”，开始想要被欺骗，想要成为野人，想要在终末的暴雨中迎接堕落，想要忘记属于地球的一切，虽然连续的荒诞读起来趋近于疲倦，但我依旧愿意为之沉醉。非常喜欢第一篇“复仇”的真相，是一种和悬疑推理小说相近的阅读乐趣，也非常喜欢第二篇的跨“生存率”之恋，或许我们也过着和故事里的人们相差无几的人生，但我也不愿将自己修理成毫无区别的那些大人。
信仰,Green Bin,发疯了，入魔了，我要缠着沙耶香一辈子。故事性（特别有几篇太短，不满足）只能给四颗星，但因为有两篇可以看到沙耶香的真实隐秘内心，忍不住偏爱。喜欢《信仰》的故事，没有想到是这样的信仰，这一篇有种很强的“博爱”感，为幻想消费，还是因为现实买单，都可以是信仰，是值得珍惜的礼物。太喜欢《愉悦这种罪》了！！爱上“疯狂”的经历不说完全一致，那也是99%重合，原来我们都身处一处。她是那么温柔，那么痛苦，看得我面带笑容，但内心暴风哭泣三千次，甚至都心生抱怨的勇气：越善良温柔的人，注定天然就比其他人背上更多罪过吗？凭什么！可就是因为如此，她懂更多人的伤悲，沙耶香的星球里，你的逃避，你的愚昧，你的怯懦，你的自我，都可以是你的“能力”。无法反抗人类，无力回应地球，那就不回应吧，怎么样都无所谓，没有谁比谁更正常。
信仰,马戏团🎪,村田沙耶香的“黑镜”我感觉我可以一直看下去，她总有这种精准刺中现代人的奇想。同名的这篇当然是最好，好就好在最后那句“还我十万块”，可以从一句普通的话变成洗脑的话，真是深谙邪教本质了。
信仰,伊夏,村田沙耶香真的太厉害了。当她提醒我们，“现实”可能是一种宗教后，许多原本以为牢靠的想法，全部轻轻动摇了起来。人在等级森严的制度中，会更想“堕落”吗？比起操控，人更愿意反向“克隆”自我？村田绝不拥抱绩优，宁可“反复地呕吐，反复地思考，反复地自我审判”，她也要追求文化冲击与多样性，直到更多千篇一律的人醒来。
信仰,Mickey1212,还是很推荐的，书的封面好看，包括内封，村田纱耶香的书看的不多，但这本挺让人惊艳的。篇幅不长，很快就可以看完，就像书腰上写的：你有没有一个瞬间，不再相信这个现实世界；每读完一篇，我都在反思所处的这个现实世界，或许我就是那个评级为D类的人！
信仰,木海,人类是一种社会性动物，会受到规训，相信哪些观点是正常的，哪些行为是异常的。好好学习未来就会轻松，到了年龄一定要结婚生育，坚信这些理论的根源从何而来？发自内心相信就会变成真实吗？丢失了害怕死亡的能力后，只能变成“野人”回归山野；接受“千篇一律”教育的下一代，无法再汲取文化拥抱差异。很短小的篇幅，轻轻松松深入内在，村田真是太会写了。
信仰,仙境兔子不忘记,还是那个沙耶香，一上来同名短篇就全是讽刺和疯狂。后面更是一脉相承。反而是“愉悦这种罪”这种平静中掀起惊涛骇浪的内心剖白，看得人极其心疼。沙耶香还算是这类“孤绝”的人中取得了世俗意义成功的（作品和芥川奖），其他和她一样但更底层更默默无闻的人每天该是如何在内心煎熬中活下去呢？美中不足的是有几个故事没有title story完成度那么高，感觉是未完的短篇。我觉得她完全可以多写《人间便利店》那种中长篇。最后一个故事我非常喜欢，整篇的感觉像夕阳和月光的交织，美丽，平静，热烈，绝望，疯狂。（对了，《黑镜》要不然买一下沙耶香的版权？）
信仰,阿原,信仰+生存+回归母星
信仰,杨枫.js,玩乐性质比较强的一本村田，大部分篇目完成度都不是很高，跟以前的作品也多有重复。
信仰,风满蜃气楼,3.5 《信仰》是讽喻味儿的沙耶香，《生存》《地球润起》（名字没看懂）、《未写成的小说》《最后的展览会》是近未来设定味儿，《回归母星》《愉悦这种罪》是私人性质，《文化冲击》有点刻意了。中间几篇完成度不高，味道还是那个味道～
信仰,cheekysoul,村田沙耶香的书每本我都会买来看但每本都对不上电波，她的故事总是给我感觉差一口气，看完很不畅快想说点啥又欲言又止，以后我还是不看她了
信仰,河影粒子,村田沙耶香的世界奇妙物语，关于生存、成为野人的祈愿、“hyupoupororahyun”、克隆家电、外星人，装成地球人的外星人和装成外星人的地球人。最爱《最后的展览会》《生存》，其次《未写成的小说》《信仰》
信仰,闻夕felicity,不愧是村田沙耶香，完全没让我失望，还是把现实和荒谬炖煮得刚刚好，一碗巫婆孟婆汤。①《信仰》这篇看到一半会有点怀疑设定是不是太简单了，直到转折出现，合理又多一个层次、荒谬上一个层级而现实也多折射一层，在节奏刚刚好的地方结束。②《生存》的设定非常带感，但故事没有有效展开有点残念，男角色基本没用上（虽然说也不是不行啦，毕竟女性角色被工具人的大把）③《回归母星》非常ASD啊，不过豆瓣这本书的目录的“母星”被改成了“他们的星球”是什么鬼啊？
信仰,隐地宇统,有点意犹未尽，虽然没有地球星人、生命式那种冲击感，但还蛮喜欢信仰、生存、未完成的小说这几篇，最喜欢看这种正常与异常边界模糊的作品。
信仰,灰白的花,好看，就是太少了
信仰,徐天羽,"《2nd》
薄薄的一本，粗糙的习作却占了一半。有些失望。
好在也有冲击力强、引人深思的篇目。
完成度最高的《信仰》一篇，延续了《生命式》的创作理念。正常是世界上唯一被允许的疯狂，现实是人生中仅有最隐蔽的宗教。相比曾描绘过的极度陌生化，以至于读者可以轻松确定立场的世界，村田此次指出的是日常中的认知难题。崇尚现实的“我”因为亲友的反感，渐渐失去了对边界的把控，试图投身另一面，即消费主义和神秘主义的怀抱以寻求救赎。但若将“我”的信仰理解为理性主义，便会觉得自认为清醒透彻胜于他人，实则认知依然狭隘才是苦恼的本源。
《愉悦这种罪》则通过村田的亲身体会，揭示了人们总是对个性、对异色的创作叶公好龙的真相。
此外《未能完成的小说》采用了摘选间断场景的特殊形式，却看不出在主题表达上的作用。总不能真的是废稿吧？"
信仰,hexor000,推荐《信仰》和《未能完成的小说》，后者如果能拓展成长篇应该还不错
冷战的故事,温柔的异乡,看理想的审美现在怎么了，书封都那么丑
冷战的故事,滕雅望,"但凡过往，皆为序章。课程已经听过一遍，准备再听一遍。对手的策略，目的，成果都需要好好牢记，冷战并未结束，我们还将迎接更大的挑战。
"
冷战的故事,个人走舞王路线,有词条了！！！
冷战的故事,just,我是听的，而且打算听第二遍，第三遍，王缉思的声音也很舒服。我70多岁的时候还能听懂或看懂这样的书就知足了。
冷战的故事,disguiser,能当中学历史课本或课纲的程度，虽然通俗但并不肤浅，有种中学时读到拉费伯尔的《美国，俄国和冷战》的清爽感（当然，书本身是音频集结成的，听音频也挺好的）
冷战的故事,枕流,"小书取大名字（XX研究、XX通史、XX史研究）一般是用来混（混日子、混职称、混名气），大书取小名字是用来（尽量不受打扰地）说作者想说的话。本书就是这样一本大书。
虽然对作者的一些述、评、论都有保留，但我还是很欣赏这部书，欣赏它有所寄托的作者。"
冷战的故事,ly的读享生活,它是一部历史书，是关于一个落幕的时代的宏大叙事，但不止如此，读它的时候，我深刻地感到我们仍然处在冷战时代。正如作者所说：“冷战虽已结束，但冷战的逻辑并没有消失，这个逻辑还将在很长时期内继续塑造着世界的面貌和我们的生活。”
冷战的故事,彼黍离离,音频出书了吧，听听音频就好。
冷战的故事,Atom,冷战之后，弗朗西斯·福山的“历史终结论”与塞缪尔·亨廷顿的“文明冲突论”深度影响国际关系叙事。前者认为随着西方自由民主的普及，人类意识形态演进已到终点。到了今天，我们也看到以美国为首的选举制度暴露出了明显的弱点。福山还在不断地给自己的理论打补丁。塞缪尔·亨廷顿主张冷战结束并未消除冲突，未来的主要纷争将基于“文明”（文化与宗教）差异，理论上俄乌和以巴冲突都是这类问题的延续。世无恒常，今天的世界早已是你中有我、我中有你。天下大事合久必分，分久必合。尽管全球化遭遇前所未有的困难，但我相信这一局面不会扭转。国家并没有绝对的好与坏之分，只是道路、理念、路径不同而已。这跟人与人之间类同，但凡涉及到利益冲突，人性总是无法经受住考验。所以别把意识形态领域里的国家好坏看得那么重，不然舆论一转向，傻瓜就是自己。
冷战的故事,新京报书评周刊,20世纪80年代末，随着东欧剧变、苏联解体，持续了近半个世纪的冷战宣告结束，但其在各方面的影响仍然持续至今。冷战属于世界政治的范畴，研究者、观察者众多，相关著作可谓汗牛充栋。国际政治学者王缉思在《冷战的故事》中从政治的视角看冷战，主要以横向专题展开，而不是全然按纵向的时间发展梳理“冷战史”。由于冷战结束距今时间不算太长，加上近年来许多国家相关档案解密，研究这一领域的一手材料是相对充分的。这本书的推理、判断正是基于这些丰富的素材。王缉思生于1948年，可谓是冷战“同龄人”。冷战背景下普通人的命运、大国之外游离于不同政治格局边缘的小国如何应对，都是他感兴趣的话题。王缉思从常识出发，将大历史背景与小人物命运结合，带领读者在一个个具体的故事中理解冷战。
冷战的故事,怒歬,最佳读物
冷战的故事,无问西东,非常好的冷战科普读物 读完可以对冷战有很清晰的认识 理解西方和非西方的区别 抛弃宿命论 接受未来新冷战时期的分分合合
冷战的故事,BeansKnow,渺小如我在时代洪流中如何自处，如何在中美新“冷战”中存活？书中显然没有现成的答案（本来就不该奢望有吧？）但起码，王老师为我们隐隐勾勒出洪流的源头，道出水流的缓急，多少能引导我们每个人去摸索属于自己的道路或答案……已经是大功德一件了～
冷战的故事,夜无汐,名为故事，其实是以叙事为主，对事件补充说明为辅的记叙形式。浅显易懂，对冷战的起源到结束，各国博弈到文化潮流都有叙述。
冷战的故事,Ehdn～,冷战虽然结束了，但冷战的逻辑还将在很长时间的时期内继续塑造世界的面貌和我们的生活。科普更多和冷战有关的名词，以及冷战形成原因和一些纵横交错的关系，朋友和敌人的观念也是一直会变化的。准备写书评。。
冷战的故事,纳云仙,关于冷战所有主要的问题基本都涉及到了，因为是“故事”所以适合入门，但又保持了严谨客观的写法，既有主线又有发散的对比和漫谈，很“厚重”但也好读，更具体的见长评……
冷战的故事,书生,一直以为王缉思老师是研究国际关系的顶尖学者，这本书不是学术专著，是专门写给普罗大众的通俗版冷战史。
冷战的故事,余峤,通俗而厚重，对于美国为何没有像欧洲那么强的左翼传统，日本为何崛起，印巴冲突等的分析让人眼前一亮。
冷战的故事,Roger,我们当下的国际政治经济格局是如何形成的？相当好读，无愧“故事”之名，以“不深入”来苛责的本书显然没看准其科普定位。在现有出版环境下能展开讨论苏联的着实不易，为此加一星。希望看理想多推音频转讲稿的专业学者的普及作品。“可以肯定的是，冷战虽然已经结束，但冷战的逻辑并没有消失，这个逻辑还将在很长的时期内继续塑造世界的面貌和我们的生活。参与过冷战决策的多数国家机构和机制还在运转，经历过冷战进程的许多个人也健在。冷战在这些机构和个人身上留下的烙印，还远远没有褪去。”此一时彼一时，没有永远的朋友，只有永远的利益。很多时候国家之间的矛盾和冲突，和意识形态与社会制度无必然因果关系，一定要结合历史语境思考彼时的外交选择与高层言论。就故事趣味性而言，b站up主小约翰可汗的视频对本书第三章是很好的补充。
冷战的故事,不吃萝卜不吃肉,文字通俗易懂，文风娓娓道来。有种睡前故事的感觉。温馨又引人深思。
年龄是一种感觉,TriAngel,站在30岁的时间点，我透过它回望了25岁那年的恐惧，直面如今的焦虑，我不避讳对未来的担忧，也暗自期待衰老能带来更多的自由。从签下选题到出版的这一年时间里，我依然时时焦虑、总是担心，很需要有人说一句“没关系”，但来自他人的安慰我又总是不信。谢谢这本书，在各个生活的碎片里击中了我，也在各种意义上都拯救过某个瞬间的我。所以年龄是什么感觉呢？ 大概是我不曾忘记无所畏惧的眼睛，也学会尊重害怕、无力的自己。一本治愈小书，希望你们喜欢。
年龄是一种感觉,夏天的风,2025.5.26号 想读 没有看到电子资源 在京东下单了 27号收到 晚上看完了 一本小书 短短的讲述了大约25-90的年龄之间的事 我最习惯的是随着年龄的增长 你做决定的速度越来越快 想做 就去做。是一个挺好的教导。满怀期待吧 活着也挺好 可以看到阳光 绿色 蓝天白云 与我现在很爱的ll
年龄是一种感觉,不辍,"提醒:千万不要在公众场合看这本书,很难想象有人会干着从这本书里面走出来. 理解了鲁豫为什么说会反复大哭. 想起来《大梦》这首歌,你如何经历一个女人的一生. 二三十岁的那些表述简直就是我本人,那么女性的经验真的是可以被如此个人化的概述的吗?工作、伴侣、后代、生死, 看完后有一种看过悉达多的后劲儿,也许还会翻很多遍."
年龄是一种感觉,周宏翔,时间一旦被拉长，生活的面目就会变得清晰而透彻，书里写：每一次生日的鲜花都是从坟墓里带来的。从20岁到80岁，人越年轻越对年龄有所恐惧，而人越对自己松绑的同时却伴随着更多的失去。失去最终也会变成一种恰如其分和理所应当，就此年龄不再折磨任何人，反而让你真正随心所欲。几处看得热泪盈眶，看完内心又畅快了几分。
年龄是一种感觉,猎书,“愿我们老去时，回首此生，可以感慨我爱得够本，啊不，是我睡得够本。”
太平天国再研究,柳无益,道“男儿到死心如铁”。看试手，补天裂。
太平天国再研究,明史,"该作考证严谨，史料翔实，观点独特，是近年来难得的太平天国史研究佳作，大力推荐。
"
太平天国再研究,goyslopmagag,抖音挺火
太平天国再研究,江南过千帆,"近年来，鲜有关于太平天国的新书问世！该书的出版，打破了沉寂的太史研究领域！让喜欢太平天国历史的读者有了新的精神食粮！
太平天国以反抗暴政始，以赢得人心兴，以失去人心亡。个中兴勃亡忽值得考究。该书不拘于一种理路、一条脉络，突出非军事的议题，从政治、经济、外交、社会和思想文化等多重视角学理式展现太平天国历史发展变迁及其对近代中国变局的影响。在作者的条分缕析中，太平天国何以兴，何以盛，何以衰，何以灭，以及后世如何评价等诸多重要议题次第呈现，从而建构了一部全新的太平天国史。《太平天国再研究》是一本不可多得的好书，非常值得一读！"
太平天国再研究,豆友Y_A1J95Arw,刘晨老师这本书用功很深，在掌握大量史料的基础上又敢于利用新发现的史料，使内容进一步翔实，对太平天国的评价也客观公正，有自己的独到见解，很孚众心，是那种久旱而逢甘雨的痛快！
太平天国再研究,絮絮,这本书期待太久了！集成了刘晨老师的诸多心血和研究成果，功力深厚，内容充实，许多观点都是首次听闻，强烈推荐喜欢太史的朋友们阅读！
制造规则：国际标准建立背后的历史与博弈,我爱古诗词,"国际电报联盟（International Telegraph Union，缩写ITU）是基于1865年在巴黎举行的一次外交会议而成立的，通常被研究政府间组织的历史学家认定是19世纪末、20世纪初建立的几个全球公共性国际联盟中的第一个。

1818年，土木工程师学会（Institution of Civil Engineers，缩写ICE）在伦敦成立，以形成英国土木领域（相对于军事）工程专业的核心。

1922年，美国工程标准委员会的秘书保罗·阿格纽解释说，“有一些重要的考虑因素和强大的力量趋向于实现国际标准化”，包括全球科学单位和度量衡标准、受益于标准规范而不断增长的国际贸易、“日益相互依存的各国产业”、不断累积的世界性知识，以及“产业领导者正以越来越广阔的视角对未来进行的规划”。"
帕菲特：以拯救道德为使命的哲学家,呱呱天使,大概在正文三分之一处才开始正式聊他的哲学内容。读完后并不觉得这个人很怪，包括很多被作者或者译者提及的“怪人”行为，我都觉得，这挺正常吧（？）。读一本传记的好处是能够串联起很多其他有所了解或者印象的人物，比如珍妮特·理查兹，伯林，伯纳德·威廉斯，西蒙·布莱克本……看到了更为具象的时代背景和他们的来往细节。
帕菲特：以拯救道德为使命的哲学家,别列兹汪,飞速翻过，有意思的点，正如作者概括的，帕菲特的前半生都是生活，后半生只剩哲学，给我一种硬生生把自己拗成康德的感觉。但是现在我好像不再对这样的做法肃然起敬了。哲学部分不知道是作者写得不细致还是我自己缺乏背景知识没看进去。有一点心有戚戚，说帕菲特不注意保护原创性，有新idea都到处和人分享讨论，但是他的这种信任没有被任何人利用过。让我也为自己祈祷一秒。
帕菲特：以拯救道德为使命的哲学家,呼啸笋,像帕菲特这样一个很大程度上不谙世事的人如何能够做好道德哲学？当然这种疑惑也预设了某种道德哲学理解。
夏日书,多恩多,纸书超美！内容适合和小朋友一起看。
夏日书,阿提卡的陆沉,对于扬松而言，岛上生活代表着自由。她热爱大海，“当你独自一人与大海和自我相处足够长的时间之后，你就会变得不同”“1947年，托芙签下了佩林格群岛中一座小岛五十年的租约，实现了她的梦想，她整个夏天都住在帐篷里，一边建造单室小木屋，一边创作新的姆明故事书。“这是一个普通的岛，一切都是满的，每个人都有他确定的自信和固执，在他们的海岸线上，一切都坚如磐石，一切又都漫不经心。”  《夏日书》赞美了芬兰湾数不清的礁石和小岛构成的自然景观，描绘了斯堪的纳维亚人再熟悉不过的一种生活方式，这本书在瑞典和芬兰一举成名，人们将它视为一曲夏日赞歌，在经历了漫长而黑暗的冬季之后，斯堪的纳维亚人把夏季看作是他们“重生”的季节。当然，它也关于成长和衰老，关于对舒适的渴望和对自由的需求之间的矛盾冲突。
革命之路,上海译文文学室,"我们曾经相爱，却在不断的妥协中互相吞噬
我们自命不凡，又渴望达到同样乏味的成功
焦虑时代的伟大作家 都市失意者的代言人 理查德•耶茨好评如潮的经典长篇
写尽婚姻与自我的永恒困局 布面精装版全新上市"
革命之路,sizuka,审核通过了
十一种孤独,半截的诗.,一个在知网上有着不下五篇关于女性主义相关论文、被冯内古特赞誉福楼拜以来鲜少对女性表达深切同情的伟大作家 竟然被骂“男味”重。人与人之间对美的感受何以差到这种地步？
十一种孤独,Sff的生活C计划,"#鉴书团活动
最爱《南瓜灯博士》中的自我感动与《乔迪撞大运》中的欲说还休。耶茨的文字太有魅力了，感觉像是洗澡时突然淋浴喷头出现了故障，上一秒还是被暖意包裹，下一秒劈头盖脸的冰冷渗进了身体上张开的每一个毛孔中……"
十一种孤独,士大夫杨,《十一种孤独》短篇集中，耶茨通过各个维度展现了孤独的人与他人之间、与社会之间的脱节，从小孩到中年，从男人到女人。也许，作者多少有些以过于艺术家的眼光去看待这个世界，写尽其单调、庸俗和颓唐，而实际情况当然没有那么糟糕；再加上我的慢热，使得自己从来对短篇小说缺乏感觉，所以我对于本书中孤独展现的这些面孔，没有太多太深的共鸣。但作为一个从小就有意识地体味孤独的人，无疑能体味到书中这种脱节的迷惘、燥郁和彷徨。
十一种孤独,上海译文文学室,"人都是孤独的，没有人逃脱得了，这就是他们的悲剧所在。
焦虑时代的伟大作家 都市失意者的代言人 理查德•耶茨最负盛名的短篇代表作
"
十一种孤独,ｈ,孤独不是一种状态，而是一种情绪。
十一种孤独,三谶,"1.5🌟如果不是最后那篇稍微好一点的话，我大概真的会给出本年度第一个一星。每一个故事都充斥着大量的男味，女人在这里面不仅无足轻重，更是被凝视、被践踏的存在。读来让人火冒三丈。

第一篇里善良的老师以为自己在帮助可悲的误入歧途的转学男生，结果被一个小孩当成性对象侮辱。她高尚地选择谅解，却马上被又一次架上肮脏之墙。

第二篇写的是一个男人终于追求成功要结婚的前昔，回忆最初跟自己的兄弟讨论未婚妻“那对波真不错”……种种言论在这篇小说集里面不可胜数，已经不想提后面的篇目。

ego很大的男主们一副全世界我最可怜我最孤独的样子令人恶心。还有处处可见的脏话、把妓女当成一个侮辱词来辱骂他人，一边瓢虫一边又硬不起来说是因为“感到恶心的表情”吓到。男的真的全世界最悲惨最可怜了，谁都要为他们的不幸赔罪。"
竹影鲸歌：杜甫的意象世界,渣强,看完就会想，究竟还有没有人对这种内容感兴趣。果然“评价人数不足”。谢谢欧教授
竹影鲸歌：杜甫的意象世界,北京大学出版社,欧老师的新书，致力于足以显发杜甫生命与艺术成就的标志性意象，一方面吸收传统中的灼然慧见，将杜诗意象纳入《诗经》以来的整个诗史发展脉络中观察，另一方面借鉴西方文学研究的理论方法和观察分析的眼光，由此可以具体而微地理解杜甫何以为诗圣。
竹影鲸歌：杜甫的意象世界,我是大象🐘,在欧丽娟老师的带领下，我一个只认得几个字的小学生在杜甫如大海般的诗里不知深浅地游览了一番，体验了这位诗人的伟大，也捡到若干珍珠。做个记录。
书怎么读都有趣,7outta6,读得非常开心！作者大叔作为翻译家不仅对英美文学如数家珍，而且幽默感十足，吐槽都十分好笑到位。和这本书相处的体验很像是突然没有语言障碍地走进一家日本书店，在里面随意浏览架上的书，这本看看，那本翻翻，收获身心满足之余读书的动力又蓄得满满的。看书半途而废总有愧疚感，看到作者在书里写“看不下去就不看”，决定理直气壮地实践了！最后要说，我爱文库本，希望中文出版界更多文库本，以及其他文库本可以参考一下这本书，看看最接近日本文库本的中文书可以怎么做。
书怎么读都有趣,艾玛🍀,在笑容里结束这本小书的阅读！太好笑了，通勤路上有它的陪伴多了很多乐趣。这本书有魔力，在地铁上连续2次坐过了站！作者关于读书的点点滴滴闲谈既是真情实感的流露也有些许灵魂的发问，不知道在读到哪个瞬间时，说不定就会被作者敲一下脑袋，“并不存在什么正确的读书方法。读书的力量，在于它能锻炼内心，为思考提供助力。”非常喜欢这本书里的插画，千万不要忽略这些插画，这也是这本书的可爱之处，也会有意外收获！虽然薄薄小小一册，却能挖掘出上百部作品，这不是宝藏之书，是什么！
书怎么读都有趣,酒渍荔枝,读这本书时会感到我对书的爱像潮水一样从四面八方涌来。边走路边读，边坐车边读，趴着读躺着读，这些都是我的日常（看这本书的时候才知道还可以在泳池里快乐读书）。有多爱书就有多爱这本书。感谢作者写出了这么简单纯粹的快乐。
书怎么读都有趣,AlbertZ1011,89 | 上大學以後才愛上看書，陸陸續續到畢業之後開始囤書，現在則是在圖書館借書看。不知道什麼時候會搬家，幾乎不敢買書了。讀書不是為了閱讀理解，也不是為了記住詞藻和段落，讀書是在文字裡和人相遇，可以用來打發時光，它就和吃飯睡覺一樣稀鬆平常。我會為了某個作者、譯者或裝幀買單，會開始看一本書之前跳到最後一頁查看頁碼，會把喜歡的地方記下來。有趣的部分自然會以各種形式儲存在腦海裡，最後讓你更成為你自己。三月在緬甸蒲甘的阿南達寺裡讀Annie Ernaux，在格蘭島的沙灘椅上讀Oliver Sacks，我大概會一直記得這些美好的時刻。昨天中午在讀這本書的時候，前一天預約的不含米飯的冒菜送到才發現忘了煮飯...ps 文庫本萬歲！！
书怎么读都有趣,YWCJ,看书就是消遣行为，看这本书则纯属为了消磨生命里的无聊时间。
书怎么读都有趣,布立吞,明明是作者的单口，却感觉自己是相方，正因为人人都读过书，围绕「读书」的日常，这场漫才可以一直讲下去。
书怎么读都有趣,。,到底要吃多少次亏，才能让自己记住某书上有很多出版社的暗广。
书怎么读都有趣,sky,看不进去
书怎么读都有趣,麦兜小胖,日本翻译家的阅读经历，其实和其他热爱阅读的人没什么不同。因为阅读而耽误事儿简直是家常便饭，遇到来家里的朋友问这么多书都读得完么也早就笑以报之，经常处理旧书来拼命给新书腾地方，有些书会买不同版本放在一起……阅读带个读书人的乐趣，不读书的人其实很难体会。花大把的视角投身到一百多年前的贝克街，或是去虚构的魔法世界，在有些人看来无异于浪费生命，而读者的努力投入会让自己从现实世界里得到一些喘息，体验相似却又不同的事件和情感，让我们知道自己只是看似孤独，在书里和世界中，有很多人和我们没有什么不同。我们都在这里努力的生活，有着各自的恐惧与快乐。阅读穿越时间，将我们连接起来。
书怎么读都有趣,闻夕felicity,①我就是作者不理解的那种读书人：读书速度很快+（在电子书出现以前）会把太厚的书撕下来读完再放回去+晒着太阳戴着墨镜读书+携带书的时候很介意把书弄脏或留下阅读痕迹②很喜欢作者完全不装逼而是讲点读者真心话的风格③时不时就有梦幻联动小细节，比如最后提到的杂志《小姐》，普拉斯和芭比松大饭店主场。
书怎么读都有趣,梦游仙境Alice,"整本书是爱书之人的碎碎念，包括如何读书，为何读书，怎样读书，藏书的乐趣等等，还有一些著名作家的写书读书的奇闻轶事。一些片段爱书之人心领神会，得知名作家的藏书也不能完全读完时，“买书如山倒，读书如抽丝”的罪恶感减轻了很多哈哈哈～
摘抄个别片段：
“米兰昆德拉可真懂啊，我不禁对此产生了共鸣。天气好的日子，连包都不带，只拿着一本书轻装上街的时候，书对我来说真的就像手杖一样，我会沉浸在幸福的感受里，心想，原来我还是个花花公子啊。”
“读书是一项极其个人的、隐秘的作业，它允许所有的记错、想错、念错。并不存在什么正确的读书方式。读书的力量，正如埃科所说，在于它能锻炼内心，为思考提供助力。”"
书怎么读都有趣,danyboy,虽然是90年代的书边小随笔，但基本上没有过时，而且竟然会觉得这是一期单口播客的脚本，新潮的很。无伤大雅的“暴论”一个接一个：读书越快越好/越厚越好读/折角好喜欢但对别人好恶心/划线好惶恐/读出声才好/人眼是横着的所以书横排比竖排科学/死去的恋人宛如常年不读的书中的人物/边走边读效率高/地铁公车偷窥别人的书记性会特别好/插图会影响阅读的想象力/包不包书皮读是否有影响……；典故也一个接一个，真应该都存下来，以后上播客用= =印象颇深的是有个译者，说原文是第三人称，但译成日语改成第二人称更好。作者大惊，这也行？太荒谬了吧。随即自答：或许这是提醒读者，翻译也是创作，如果不接受可以不读（p57）。这本小书比我巴掌还小，适合路上读，然而我今晚不知不觉花了一个小时在家看完了，可惜。
书怎么读都有趣,Mebaby试宋,我就是太强迫症需要把书从头到尾读完了
书怎么读都有趣,洛,开始读之后，脸上的笑容就没有停过。简直就是在讲“我”好不好！太太太有共鸣了。读这本书，就像“轻快地骑着自行车，吹在皮肤上的风清爽宜人”。我几乎每页都会划线或者做笔记。尤其喜欢结尾这句：“读书是一项极其个人的、隐秘的作业，它允许所有的记错想错、念错。并不存在什么正确的读书方式。”
书怎么读都有趣,veron,设计很好，手感很好，就是内容有点空泛，感觉就是刚开了头就结束了
书怎么读都有趣,门柱,颇有趣！适合快读
书怎么读都有趣,黑眼圈国公主,翻得很快
书怎么读都有趣,八哥,2025年闲读之26：一本“轻薄”但并不过于“浅薄”的小书。在作者这里，只翻不读、只摸不读、只藏（囤）不读，或是只读关于书的宣传册，只看故事大纲、年表、索引而不读正文，装样子其实是让书和人一起晒日光浴等等，都是读书，任何人都不能说三道四，不能正襟危坐地给予否定评价；速读精读迷迷糊糊状态中读、跳读选读错读随机读扩展读反复读、走着读坐着读躺着读甚至在泳池中读……只要你觉得好，那就是最好的读书方式。书的最后，作者写到，读书是一项极其个人、隐秘的作业，并不存在什么正确的读书方式，然后以埃科 “冠冕堂皇”一句话“读书的力量，在于它能锻炼内心，为思考提供助力”作为结尾。其实，他可能最想表达的是，无论是“书怎么读都有趣”，还是“怎么读书都有趣”，只要把读书作为生活或生活的一部分，并享受到读书的自由就好。
书怎么读都有趣,可乐要多读书,一封写给读书人的浪漫情书。很喜欢。阅读的时候全程姨母笑，最契合的嘴替以及最真实的演我🤣
书怎么读都有趣,荆棘海,一本很可爱的小书，作者带着日本作家独有的开放和神神叨叨，讲述了他对于书和读书的小小的思考。这本书也在试着消除很多读者的“读书焦虑”：比如一本书不必从头到尾读完，比如作者也会读完没几天就忘，比如面对别人看到你家书架提出的灵魂拷问“这些书你都读了吗？”时可以勇敢回答：“那些认为书架上的书都是读过的书的人，就是俗物。”（笑）
不安的处境,宝王白奖评委,看这本书的时候同时看《沙尘暴》，虚构的库鲁县又何尝不是我们这里的津巴布韦，同样是女性试图挣脱困境的故事，无论是小说的女主还是电视剧中的女主都有一个冷酷无情的兄弟，这种映照实在太有意思了，而今年又产生了一个津巴布韦籍女白人当了奥委会主席，就更讽刺了，同一个国家，黑人女孩上个学都千难万难，而白人女孩却可以通过奢靡的游泳池实现自己的权力之梦，当白人欧洲的作家无病呻吟，黑人非洲稍微受点教育写出的作品就足够震撼。
不安的处境,阿梦,万万没想到我竟然在这个津巴布韦的故事里收获了前所未有的即视感，说是即视感是因为我好像就坐在坦布扎伊身边，狠狠共情了坦布扎伊、尼娅莎、梅古鲁、露西娅。坦布扎伊为了在生活中更进一步需要处处俯小做低，为此她抛开了原有的生活、母亲、尼娅莎，以及一部分的自己。对比之下，男性的成长之路更多的是积累，女性的成长之路更多的是失去；去过英国的尼娅莎变得非常“任性”，身为未成年人、女孩，胆敢在成年人、男性面前维护自己的想法、坚持自己的意见。然而，她的反抗没有帮她挣脱开生活的束缚，反而带给她无尽的麻烦。坦布扎伊、尼娅莎作为年轻的一代，梅古鲁、露西娅作为母辈的一代，体现了女性在不同生命阶段会遭遇的各种生存困境，并以此凸显出男性苦于但又乐于钻进父权制、资本主义为他们准备的套子，而女性明地暗地总在谋划着如何钻出套子。
不安的处境,闻夕felicity,①发展中国家农村多子女家庭的女孩成长故事总是惊人地相似，哪怕她在津巴布韦，也跟我听过的母辈生命轨迹如此一致。无论在地球的哪一端，她们（我们）都一样需要奋力争取受教育的机会、看见更大世界的机会、加入世界时间的机会、不用土灶台烧饭的机会，也一样需要幸运（比如死掉的自视金凤凰的哥哥和愿意在困境中伸出援手的人）。②出现了很多津巴布韦修纳语里的生活用语和名称指代语；食物让我很好奇：sadza（非洲玉米碴子粥？）covo（非洲甘蓝？）derere（非洲秋葵？）③特别喜欢故事里的女性们：小镇做题家坦布扎伊、被污名为荡妇但总在家庭危机里站出来同时机智地为自己找到工作和教育机会的露西娅、被困于家庭婚姻但仍旧勇于发声替小辈女性争取机会的梅古鲁、一针见血犀利的尼娅莎。
不安的处境,西木野,这本不错，除了女性反抗的表故事，还有我们反抗他们同化的里故事，传统与现代、殖民与历史剪不断理还乱哇
不安的处境,浪里青条,真是在夹缝中生存的残酷人生，匍匐前行的是抵抗者，更是孤勇者，需要怎样的勇气才能闯过一重又一重的难关？佩服坦布的清醒，也好心疼尼娅莎。在有限的选择中还有空流泪吗？只能依靠冷酷武装自己。超喜欢封面设计，色彩绚丽，甚至觉得高饱和度的颜色简直和残酷人生形成极为强烈的反差，多折叠设计也好有巧思！
不安的处境,岂能无怪哉,真的太喜欢“我们WoMen”书系了，在这个系列里看到了来自不同国家的女性呈现出最本土的生活状态，这本《不安的处境》也是如此，它向我们展示了在那样陌生国度里发生的事情竟然也是那样的熟悉，母亲的陷落与女儿的逃离与反抗，也许并不可能成功的反抗。封底用刀刻一般的痕迹写下“我不接受看似既定的现实，我要上学要走出破败，要去外面的世界”。无数这样的女性，一刀一刀划烂了旧的秩序。书里比较有象征意义的是有一幕，“我”回老宅，看到满是脏污的厕所，我质问母亲为什么不再打扫厕所了，母亲只是耸了耸肩说“如果你想打扫就自己打扫”。而书最后也停在了一个悬而未决的位置，外界的一切吸引着“我”，但“我”的内心深处依然无法割舍我的家人，就好像我不能看着脏污的厕所而不去打扫【那时我还年轻，能够把一切赶走，可是种子在长大。】
不安的处境,乔治ジョージ,真的被这部第一人称的小说震撼到了。一些童年时期看似随意的成长观察，涌动着植根地方又超越地方的殖民、种族、性别、宗教、教育、亲属等关键议题。最直观的感受是，这些断裂、混乱和不平等弥漫在不同角色的感知和冲突中，那么切身、那么不安。然而，我又不愿把这本书看作一个xx主义、反对不平等的书，那是我作为读者的揣测，而这部作品仅仅是在日常生活教育流动中呈现出那些（大多数文学作品忽略的）人真实的生活想法，愕然和批判（也可能是反对）都是留给读者的。
不安的处境,榴莲牛奶披萨,"上学！抗争！不要放弃！
如果吃不上自己做的饭，那就把饭桌掀了！"
不安的处境,四火火火火,一个黑人女孩为了获得自己理应作为人类文明其中一员受到的基础教育，等待，蛰伏，尽可能的去努力争取，其中遭受的命运戏弄，重男轻女家庭的窘迫困境，在哥哥意外离世后才获得能走出去的机会，带着家庭所有对于她获得教育后拥有财富的期待，一步一步，每一步都有她的眼泪与汗水，外面的世界原来有这么多的可能在展开，女孩并不止于在封闭老家里年幼结婚生子衰老这一条路，故事写得足够真挚动人。
不安的处境,sky,所有受到的教育到最后好像也是让人臣服，所有的机会都像是别人施舍的礼物。当外界和内部发生巨大的冲突，到最后只有选择结束生命才会让一切结束
不安的处境,Miingxii,不安的女性，不安的处境
不安的处境,Sælonfer,曾经的我以为自己不会遗忘和堕落，可是当我看到爱着的女人一个个迷失方向的时候，我渐渐不再知道前方等待我的是黑夜还是白昼。
不安的处境,虾米,特别欣赏作者对女主人公初到伯父家时看到的景象的细腻描述——“奢华梯度的渐进”。之前，女主的哥哥就沦陷于此，变成了一个势利小人。女主也差点沦陷其中。事实上，令女主不安的处境一共有三，女主就像打怪升级一样地一个个对付它们：老宅所代表的传统生活，传教所代表的非洲-西方合璧生活，以及书末她将要入读的女修道院代表的纯西方生活——其中，传教所伯父家融合了两者最恶劣的糟粕，堂姐即是伯父开明暴政下的受害者——然而道高一尺魔高一丈，叠加了女性处境的现实使女主更难作出选择。西方式的民主自由瓦解了王权和家庭对人的束缚，将人作为大写的个体醒目突出，但脱离了家的个体，就像书中女主母亲所言，从此便会“忘记你曾经是谁，你曾是怎样，你为什么会那样”。所以女主的这场打怪并未随她入读修道院结束，而恰恰是更大战斗的开端。
不安的处境,Max,"刚读完，就想来快速的分享一下此时此刻的心情。Women系列我会一直追下去的！！！这本书封面设计给满分，可读流畅性接近满分！！五星推荐！喜欢作者的娓娓道来，喜欢作者笔下女性角色的描写，作者笔下的女性，难道不也是千千万万女性困境的缩写吗？一辈子顺从抵抗的妈妈，“听话”的我，受过高等教育但是依然在父权制大家庭逆来顺从的大伯母。作者以独特的女性视角带领读者解读父权制结构下的大家庭！这样的书，我们应该多去了解，多去思考！

最最难过和痛心的是表姐，她活泼开朗爱读书，不愿完全屈于父亲的权威，努力用自己的方式去反抗—读“不好”的书，交@不好”的男朋友。

真心的希望书中的每一个人都能在现实生活中冲破牢笼，挣脱束缚，追求自己的自由！"
不安的处境,几枝,"不安的女性。不安的处境。
非洲女性在殖民与父权体制里夹缝求生的个人抗争，种族歧视，殖民地等内容。
被同化的过程也是不安处境的一部分。父权的权威，压制着女性，使之身份认知错位，但又有不屈的女性们，在作斗争，不断的反抗，代际循环，很庆幸有这样一部作品，如同觉醒般的宣言。
喜欢坦布扎伊和尼亚莎之间的姐妹情谊，包括后来的渐渐疏远，真诚又真实的故事。
不同年龄段里女性面对的困境（母亲、伯父的妻子梅古鲁、还有他们女儿尼亚莎），不同的处理方式，是女性觉醒的一步又一步。“你不能老是做必须的事情。你有应该有某种信念，而我坚信自己不想成为任何人的受害者。任何人那样都是不对的。但一旦你习惯了，它就会看起来自然而然，你就会继续这样下去。那你就完蛋了，你会被困住。它们控制你的一言一行。”"
不安的处境,殷顽民,转眼之间，黑人已经具有两套参考体系，借此进行自我定位。他们的形而上学，或不太张扬地说，他们的习俗及其相关体制都已被废除，因为这些东西与另一种他们全然不知却被强加于己的文明相互冲突着。——《黑皮肤，白面具》
不安的处境,playarx,我测试一下
不安的处境,Herring,记录了女性主义从觉醒到萌芽的蜕变，对女性角色（母亲，梅古鲁，尼亚莎）的对话描写和人物捕捉很生动，对上学，干家务，违逆父亲，拒绝吃饭和责罚的描述和我们的社会相似，容易有共鸣。
不安的处境,吴青峰,"随手下单的，没想到很好看
“结婚，原则上我绝不反对。抽象地说，我觉得这是一个非常好的主意。但令人恼火的是，它总是以这样或那样的形式突然出现，把它的触手伸来，束缚我，在我甚至还没有开始认真思考它的时候，威胁着要破坏我的生活，甚至在我能把它称为我自己的生活之前。”"
不安的处境,芝麻,出生于津巴布韦，布克奖提名作家，电影制片人，在成为职业作家之前，曾在剑桥大学学医，于津巴布韦大学学习心理学———作者齐西·丹加伦芭的履历让我想起上野教授的话，大致意思是我们不要单纯追求“爱”这种束缚我们行动的东西，我们想要在社会和家庭中掌握更多话语权，就该不放弃任何能追求资源、权力、尊重的机会，这一切都是比爱情更宏大的生命课题，一如小说中的女主角，她挣脱了“生为黑人是个负担，女人必须生孩子和照料丈夫”的传统束缚。她对生命的绽放如此渴求，所以读者们才得以看到这部小说，看到她站在被尊重之巅。
关于偶像，一边纠结一边思考,慢懒,迫不及待读完，好看，尤其是第四章girl crush概念分析、第五章带着性意味的观看是否构成性消费、第六章酷儿与偶像身份的兼容。作为追星人的纠结无法在一本书得到疏解很自然（比如本人最近本人“因为男producer导致追星热情锐减”这一纠结），对于偶像这一劳动身份的剖析较少涉及，也比较可惜。但关于追星的“情动”与赌博的相似性这一章是我读来最惊喜的：“‘追’偶像，就像是将赌注押在另一个人的‘无法挑回的时光’之上。”真是令人怦然心动的描述法（？）。读完越发确认近期的一个感受：思考追星的ethical choice甚至要比追星本身更有趣了。
关于偶像，一边纠结一边思考,Synchronicity,如果你自己有追偶像并且经常思考一些和偶像文化相关的问题，这本书只能说洞见寥寥，唯一有意思的是“赌博性情动”那一节。
关于偶像，一边纠结一边思考,Nelly.L,这是一本日本流行文化观察者的文章合集，文章质量有高有低，但我还是学到了不少东西。书中最击中我的观点是偶像带来的赌博式快乐：“观看偶像表演就广义上而言，既是为了建构对偶像的解释而收集素材的行为，也是对自己的解释进行确认的行为……像这样对个人魅力的享受进一步在时间上扩张的话，就会变成近似‘追星’的行为。选中一名偶像长期‘追’她/他的活动，便是将赌博的对象从偶像的‘个人魅力’扩张为‘人生’（事业或故事）。”
关于偶像，一边纠结一边思考,伊夏,一本由九位千禧一代（大约是平成世代出生的）研究者们撰写的流行文化小册子。一本“追星人”自反式探究的小合集。作为路好了太多明星的我本人，完全理解，追星可以是年轻人在婚恋之外，一片情感栖息的乐土。明星给人们提供的雀跃、激情乃至幸福，也很可能是日常亲密关系里远远提供不了的。“恋爱代偿”也好，“终生伙伴”也罢，只要不过激，“圈地自萌”将为我们的生活带来许多欣喜。
关于偶像，一边纠结一边思考,李不撑,"在以男性为主导创造的话语体系里，如果不想使用原本刻板印象的的语言和把一切都归于商品化的逻辑，作为女粉丝应当如何理解自己的偶活行为？付出时间和经济成本，不是为了追求异性恋婚姻这个被规则强化的唯一“幸福”，却还是会反复面对“少女偶像，不就是在贩卖性幻想吗？”的质疑——长久以来只要说出是偶像宅，就时常遇到这样的提问。在这“偶像”界线模糊的时代，人人都在通过社交网络关注和被关注的当下，书里讨论的每个问题的意义都不仅仅在于偶像文化。不太想说“将xx作为方法”，但偶活当然也是我活在持续更新的文化生活里不会结束的实践。里面提出了很多问题，大多都没有答案。但这些讨论被发表出来，让我能在读到这些“既是'宅女'也是'女性主义者'的我每日的内心冲突”的每个瞬间都像在隔空握手。
很开心读完！明日も推しとがんばりき~"
关于偶像，一边纠结一边思考,Nijiuzuoba,还是写出了很多理智追星人痛苦的纠结，为了让偶像这门生意继续下去我们都推波助澜过一些“恶”，有时候很无力，希望美好的偶像和善良的观众都可以在这个过程中感受到的幸福更多一些。书本身的内容还是比较概括性，要顺着里面的reference继续读下去可能会收获更多。
关于偶像，一边纠结一边思考,stovegreen,在各式各样的饭圈语言下，能够直面偶像文化的问题，分享其中的纠结，显得格外珍贵。期待能看到更多更系统更深入地对偶像文化进行研究的著作。（好想看看韩国那边的研究）
关于偶像，一边纠结一边思考,鹿鸣之什,这本书最有趣的是这一段话，揭开了我心中萦绕已久的疑惑：一群二十出头的女孩子们朝夕相处，究竟会不会产生出真·爱情？——偶像的“禁止恋爱”并非不管交往对象的性别和性取向如何，无差别排斥一切恋情，说到底还是以异性恋为基准，对于异性恋以外的情感关系可能抱有一种扭曲的宽容态度。这也意味着，粉丝只在乎偶像是不是异性恋，对其他性取向则漠不关心(不过另一方面我们不能忽略，粉丝能够积极接受两人的关系，也可能是因为粉丝一路走来已经见证了成员之间的情谊)。——看来是真的存在过呀，希望我磕的CP能成真，获得粉丝们的祝福（一笑）
关于偶像，一边纠结一边思考,橙月亮,此书原本以为是对偶像整个群体的描述。读后发现这本书主要聚焦在女偶像群体，包括但不限于女性主义、酷儿理论、女性性消费、girl crush等话题，这本书的标题也很好概括这本书的一个特点，“一边思考”体现了书中的很多观点都非定论，里面的很多文章抱着开放和探索的态度去讨论一些话题，优缺点很鲜明，既有抛砖引玉、欢迎讨论、包容不同声音的的一面，也有过于表面，不够深入之嫌，喜欢的篇目有《思考追星的伦理》《“‘早安’拯救女性的人生”，这是真的吗？》（虽然对这个派系不了解，但不影响阅读）《试论酷儿与偶像》《如果观看偶像就像一场赌博》。这本书对我来说最大的意义应该是提醒我可以用不同的视角去看待偶像文化，作为粉丝，可以坦率承认偶像文化作为整体和其部分的正反面，明白一些现象的合理性和潜藏的危险。
关于偶像，一边纠结一边思考,attanium,非常“前沿”，因为我一直在期待一本讲述当下偶像文化的书籍，虽然聚焦于日韩偶像，但确实为我打开了思考路径，偶像文化中的女性主义和情感资本主义都是值得思考下去的主题。
关于偶像，一边纠结一边思考,珍宝珠,一边纠结一边思考，纠结的部分也太多了哈哈哈，追星的人可能会有很多共鸣吧。素材还挺新的，但个人感觉新女团里最值得讲的newjeans和xg没能来得及被加进去有点可惜。
关于偶像，一边纠结一边思考,cheekysoul,说实话不是很喜欢这本，除开非常微弱懵懂的女性主义视角之外，好几篇文章的论点也都有点混沌，和类似主题的《大众文化的女性主义》差的有点多，唯一的收获是对我这种纯圈外人来说倒是补了不少关于偶像的知识
关于偶像，一边纠结一边思考,月亮狗布鲁斯,感觉每一篇都是作为序言而存在，读之有种隔靴搔痒之感…
关于偶像，一边纠结一边思考,黄浦富江,“追星”过程中的这种“爱”到底意味着什么？我自己也想不清楚，但它确实能在某种程度上代替恋爱、亲密关系。我能从中获得力量、心动的感觉，很感激，很快乐；但不可否认的是我也在消费TA，也许无意间也凝视过TA；又或许我喜欢的只是“人设”，只是幻想中的TA的模样，也总有一天会不再喜欢。这种纠结的心情，在书中和作者们共振了。追星人会懂的一本书。另外，有关“禁止偶像恋爱背后的异性恋霸权阴影”的讨论很有意思，第四章“Girl Crush”让K-Pop人边看边唱了起来（不是
关于偶像，一边纠结一边思考,仓鼠饲养员,在看到这本书的名字时就毫不犹豫下单，是我作为“前追星人”一直以来都很感兴趣的话题，书拿到手上才发现和我想象的不是很一样：这本书是由九个人分别写成的九个主题所构成的合集，主题比较零碎，对于很多问题并没有进行直接的回答，更多的是一种不太深入的探讨，但是内容很是新颖，尤其是第四章Girl Crush概念化，很是喜欢。除此之外本书内容涉及的“偶像”多是指“女偶像”，如果能多些关于“男偶像”的话题就更好了，比如很多探讨的问题“禁止恋爱”“用性的眼光看待”也早已波及男偶像。
关于偶像，一边纠结一边思考,阿尔吉侬,看到目录就很感兴趣的一本书，追星er在看的过程中也觉得十分亲切。最喜欢讨论girl crush概念和酷儿偶像的两章，但也确实感觉到不同国家偶像及追星文化的微妙不同，不过挺有意思的，比如书中提到的“在一些社会中，即便表演和概念看起来很进步、很自由，但在表演之外对偶像的意志和样态有太多压迫；在另一些社会中，尽管偶像个人的意志表达相对自由并受到包容，但终究还是那些形式上更为保守的表演和概念更受欢迎。”不太满足的地方是，可能因为是九位作者的文章合集，受篇幅限制，总觉得很多议题都有种“点到为止”的感觉。
关于偶像，一边纠结一边思考,阿阿阿阿阿潘,看起来香月对偶像的定义“个人魅力成为享受的对象”【个人魅力+伙伴关系间叠加的魅力】已经成为了本书不少作者的共识。我个人印象最深刻的有三个部分：1.“拥有主体性的女性”作为卖点反而提高了作为客体的魅力。2.喜欢爱豆的心理机制类似于赌博3.秀恩爱的过程中突然插入司空见惯的暴力，这样的歌曲却得到了粉丝的喜爱，原因是人们正是在相仿的重压中生活，依赖他人重现了自己的伤痛。
关于偶像，一边纠结一边思考,马戏团🎪,现在需要加开第十章：讨论下犬饲贵丈这种铁粉追到自家偶像谈恋爱的现象……
关于偶像，一边纠结一边思考,一一五六七,偶像文化本质上就是一场异性恋霸权主义的文化，即使有偶像团体是性少数群体（这里一时之间找不到合适的词，首先性少数群体本身就由某种不合理成分在，但又不想在自己不了解酷儿文化下随便用这个词），在他们的参与发展偶像文化中，也是在异性恋盛行的机制中运行，不过，还是感谢他们的勇气，让性少数群体可以走到公众视野，让人们意识到，并不是只有异性恋………准确的可以说，偶像文化源于异性恋下的“假想恋爱”，“恋爱期待”…再这样的关系中，从偶像自身，粉丝，运行公司旨在服务加深，固化“异性恋主义”，尤其在偶像期间的“禁止恋爱”的规定……
关于偶像，一边纠结一边思考,四火火火火,从来没有想过以这么科学严谨的态度去分析追星背后给人带来的特殊体验，关于身份认同与通过对他人的寄托依恋，来满足自我确认的行为，追星让人在被允许的范围内进行假想与真实的拼凑，这里面提及韩国女子组合的对于girl crush 关键词发展历程，我在学生时代曾经追星过f(x)，2ne1，当时在女性主义这个概念并没有讨论度较高的时候，确实给年幼的我造成了极大的冲击，原来女孩也可以拥有各种各样的外形选择并不仅限于迎合男性眼光的穿着打扮和性格，不得不说，人类一辈子都需要追星，偶像可以是很多人，也可以是我们幻想中的那个自己吧。
健康的迷思：压力文化中的心理创伤、疾病和疗愈,有风自南🌿,"三星半。分数虚高了。论述不够深入，章节之间缺乏逻辑关联……
Trauma illness healing 太泛泛了，什么都想说，什么都没说好"
健康的迷思：压力文化中的心理创伤、疾病和疗愈,猪柳蛋麦满分、,远超期待，强烈推荐。甚至读完内容简介都没有太高的期待，但一翻开征文就被强烈吸引。这本书并不止适用于作者所说的“西方”。
健康的迷思：压力文化中的心理创伤、疾病和疗愈,迷信鉴定员小谈,虽然这本书左经陈词滥调铺天盖地，后期卖疗法，和垃圾迷信眉来眼去，引用了很多我看不上的作者【比如彼得莱文，凡德八色】但是本书在几个方面依然可能是深刻影响我的书：其一，由于有许多生理疾病和亚健康会受到精神状态的【很多时候是很严重的】影响【具体影响这本书写得非常详细】，未来的医学教育应该把询问患者的精神和生活状态加入到一般的病例撰写当中，发现问题要及时转精神科【我能想象本书的这种想法对现代人来说是多么疯狂，来看生理疾病的患者突然被医生建议去看精神科，毕竟对于国内很多人来说，那是“疯子”呆的地方……另外，讨论的多往往是精神科转神经内科，这么建议有点逆天反道】，虽然很多医生已经有了询问的习惯，特别是肿瘤科医生，会建议有些患者减轻生活压力，但是直接建议转精神科检查没有成为常规操作。其二，精神障碍的生理
健康的迷思：压力文化中的心理创伤、疾病和疗愈,向伯,让我震撼的是，马泰医生并不是心理学家，却对现代人的心理状况有着细致入微的体察和描绘，又能带来超脱心理学的跨学科视角。记得在出版第一本马泰医生的作品《空洞的心》前，我本来在作者简介里写的头衔是【心理治疗师】，马泰医生审核时专门提出，他不是心理治疗师，而是【医生】。他确实是一位医生，但他是一位特别的医生——他意识到病人需要被倾听，但医学实践中医生从来不问病人的心理和生活状况，这是有问题的。于是他开始和病人约谈，一次一个小时，听病人讲自己的人生故事。这种模式持续了超过30年，马泰医生成了一位最懂心理学的内科医生。
健康的迷思：压力文化中的心理创伤、疾病和疗愈,🐾,🉑
健康的迷思：压力文化中的心理创伤、疾病和疗愈,吉吉,非常棒，有趣！很喜欢这种文学！
健康的迷思：压力文化中的心理创伤、疾病和疗愈,豆友HckIxT-y9A,书中提出许多颠覆传统认知的观点，如正常的社会生活可能并不健康，疾病并非偶然等，引发读者对健康和生活的全新思考
健康的迷思：压力文化中的心理创伤、疾病和疗愈,微信用户,强烈推荐
健康的迷思：压力文化中的心理创伤、疾病和疗愈,每天都在emo,作者是一个有思想会表达会共情的文艺人，好看，值得推荐！
健康的迷思：压力文化中的心理创伤、疾病和疗愈,珍珠粥,讲述健康的奥秘，让人们懂得健康生活的重要性
健康的迷思：压力文化中的心理创伤、疾病和疗愈,liujiayi,开头看着还好，到后面觉得有点泛泛而且有一点鸡汤的嫌疑，作为扫盲可以，作为处方那可以看看别的书。
健康的迷思：压力文化中的心理创伤、疾病和疗愈,idontknow,有的人说是左经陈词滥调，有的人说是伪激进叫人屈从社会，还有的人说书里提到的utai人的遭遇是zb灌输的。。。只能说正z真特么魔幻，件正的都是沙雕
再造世界：工程师的冒险,Orbiu,其实是《美国科学家》杂志的90年代文章精选，但是文风很散、翻译拗口。作为工程学相关，整本书只有巴拿马运河给了一张高糊图例，剩下的全是些老旧的黑白照片。真有兴趣不如读维基百科……
再造世界：工程师的冒险,陆钓雪de飘飘,古希腊人就已经知晓了蒸汽机的基本元素。在2100多年前，亚历山德里亚（Alexandria）的克泰西比乌斯（Ctesibius）发明了用于抽水的活塞和汽缸，而他的同胞希罗（Hero）则能够利用蒸汽进行机械运动，不过主要还是用于驱动玩具和其他娱乐设施。尽管现代蒸汽机的发展普遍被认为起源于18世纪早期托马斯·纽科门（Thomas Newcomen）的发明，但是这种认识过于简单化了。就像工程界所有的成就一样，纽科门的蒸汽发动机也建立在过去很长时间以来各地出现的重要技术突破的基础上。以蒸汽发动机为例，特别是17世纪的一些事件奠定了重要的基础，并预示了19世纪和20世纪某些不祥的发展历程。
再造世界：工程师的冒险,猪柳蛋麦满分、,一位又一位伟大工程师的片断，不需要专业背景也能饶有兴致地读一遍。
再造世界：工程师的冒险,刀叢中的小詩,《再造世界》——伟大工程背后若干充满奇想和创造力的瞬间。对于建筑来说，细节决定风格；在越来越追求同质化的今天，所谓想象的准确呈现，就是一次成功的突围。
再造世界：工程师的冒险,xingfuyxh,很喜欢，让我对这个世界有了更多认知，也产生了更多好奇。
想在天气好时去海边,安沐曦,可爱的画风下，包裹的是余华的内核，大人是从什么时候开始不相信自己，而改信命的呢？很简单又很现实的小故事，好好努力的人也不一定能得到回报，曾经引以为豪的工作，也可能被时代抛在路边……人没办法左右的事情太多了，找个天气好的时候去海边吧，等休息好了再出发！
想在天气好时去海边,penny,比上一本牡蛎差好多……这本是两个内核很像的故事，一长一短，都很无聊很伤痛很空洞、、、完全没有上一本那种言之有物，凝练精悍，让人哭过擦擦眼泪却萌生感动和勇气的味道。第二个短篇更是，不知道在说什么，有什么存在的意义，就是凑数的。长篇也是好无聊啊看了只有皱眉，最后的升华反转也是意义不明，故事编排很差。。我不喜欢这本书。没有内容讲硬憋出来(´-﹏-`；)
想在天气好时去海边,于北啊,非常纯粹的创作，长故事简直要看哭。可能只有类似成长经历的孩子才会懂得其中的那些点，以及我们共同拥有那么多相似特点的妈妈。长篇像一部电影，短篇是悠然的片尾。不要那么着急，休息好了再出发吧。更大的世界终究是能去的，那个小城和母亲是原点是不能丢下的。为故事打五星。
想在天气好时去海边,momo,"到手后立马读了 挺失望的 文本相比上一本弱了很多 【正因为两个故事我都有亲身经历】所以更觉得故事情节是隔靴搔痒 明明都用一整本书去讲故事了 但还是很表层 我不知道作者是火了之后感知力变弱了还是不敢去说真实的感受 能往深处探讨的力量没有了 为了乐观而乐观 没有逻辑的升华 之前看到一个人推荐这本书的态度和推荐上一本时相差很大 就隐隐担心 结果担心真的应验了 难受
看到有其他短评说到签绘 我也想补充一下…真的是从签绘部分就开始失望 心心念念等签绘版 我还是卡点入的 但是拿到手所谓的签绘就是两笔画完的简陋蝴蝶 大家可以去其他平台看返图 通过作者发布的签绘视频 我猜测流水线签的就是这款图案 不知道有多少人能收到真正的小图 而上一本是可以画小图的 签绘确实很辛苦 可是既然选择做了就用心点吧…"
想在天气好时去海边,Mercury2001,刻苦三年，终于等来了新作上市的这一天。恭喜nini！希望我们都能飞！
想在天气好时去海边,文字打杂,把命运开始交给神明的狗妈，开始和妈妈互换角色的小狗……成长就像是互逆而来的两条平行线，孩子和妈妈变换了位置。成人的世界风雨交加，与其逆风而行，不如休息好了再出发。
想在天气好时去海边,碱水小玩子,五星。非常喜欢，从第一页就开始哭，人什么时候会求助神呢？大概就是发现自己用尽全力也无法改变命运的时刻。很像现在这个世界。还有蝴蝶饼干和早餐饼干终究不一样，这点也让我想起从前那个自卑的自己。个人更喜欢第一个故事，“为什么三班倒的员工也会被拖欠工资？”想到了上一本里为什么名牌大学毕业的学生也会交不起房租，里面还有一些上本线索的call back，感觉像是找电影彩蛋一样快乐。看完觉得好希望经济赶紧好起来😭这样就能从雨天变成晴天了。
想在天气好时去海边,Tungl,nini对细小感情的捕捉太细腻敏锐了，蝴蝶饼、春游和海边就像同龄人共同的记忆一样，从《牡蛎》还是一本小小折页时就很喜欢，后来扩展成了更丰富的故事又被那么多人看到，虽然没有探究过，但我感觉故事发生地的海边很像大连的黑石礁，那种似曾相识让我热泪盈眶
想在天气好时去海边,只是喜鹊,我认为比作者上一本进步很多，长篇叙事非常流畅，内容也很丰富。在一次持续几天的简单经历里加入了往事回忆和想象成分，分镜、文字（独白和对话的配合）衔接得很好，色彩运用也经过了很多考虑。喜欢一些场景描绘，简洁恰到好处，松弛但又有些精致感。可爱简单的画风并没有限制现实主义的表达，这很难得。情感表达方面，比拟妮时期少了些怪趣味，但我觉得创作者的长期生命要靠创作功力维持，而不能只依赖于一时的人生态度。愿nini越画越自由！
想在天气好时去海边,杨杨杨杨杨.,今天收到了这本书，期待好久的作品！看到后面哇哇哭，为小狗长大和狗妈老去，也为好天气的海边。
想在天气好时去海边,猫弟 maud,这是nini第一次尝试长篇创作，挑战用更完整的篇幅去讲一个更复杂的故事，也是我第一次陪伴作者从零开始创作。《海边》和《牡蛎》一样，依旧以真实故事为底本：大学时期，一次回老家陪妈妈住院看病的经历，让nini感受到她必须长大。作为“成长三部曲”的第二部，这本书讲述了更多成长的过程，让那个“决定性的瞬间”最终发生的背后，有着怎样的情绪积累。在成长的某个阶段，大人和小孩要完成一场身份的交接。我们变换着姿态，守护着柔软又坚定的爱。
想在天气好时去海边,⚫️灰⚪️,用猪肉换算物价的生活仿佛就在眼前，以至于从小到大都厌恶猪肉，失落是真的，埋怨也是真的。很羡慕作者依然有机会能跟母亲交换成长的故事，让最后的母女关系不再成为一个伤痛、负面的存在。
想在天气好时去海边,HEXE,原来书名是妈妈的愿望。希望我会成为保护着海岸的消波块，希望妈妈重新拥有她的翅膀。也许明天仍会下雨，希望我们都能拥有，不怕被雨淋湿的翅膀。长篇故事最后两页画的是星海大桥吧，我一眼就看出来了！19年一个人坐飞机去大连拿回贴了签证的护照，顺便坐地铁游览了一下这个城市。那是我第一次去星海大桥，那一天和画里一样，天很蓝阳光很好，还有很多飞翔的海鸥，我攥着护照好像也长出了翅膀。希望我们都能飞。相比前一本牡蛎，这本只有一个长篇加一个短篇两个故事，信息量和内容的丰富度远不及上一本，没有牡蛎那种震撼人心的感动，希望nini下一本更好！
想在天气好时去海边,宇宙也会有日落,可能是因为和自己经历有点相似，看的时候一直止不住眼泪哗哗流😭😭😭
想在天气好时去海边,银不拉,最近看的都是讨论母女两代人关系的书，这本就是简简单单地触动人心，麦兜插曲的出现又唤醒了一些记忆，小狗的蝴蝶饼，就是麦兜的马尔代夫吧……
想在天气好时去海边,misaki636,"依旧是充满勇气和爱的故事。虽然现实总残忍，但面对后会发现长大了的自己已经能够将妈妈稳稳托举。小狗独自陪妈妈看病、住院、检查，真的真的辛苦了！在医院的走廊里推着轮椅上的妈妈，小狗渐渐理解了妈妈祈祷的原因：也许已经试过了所有办法，命运的变化实在太不可捉摸，大人能做的只剩下祈祷。
但是妈妈，最幸运不是老天眷顾，而是你有爱你的小狗。愿望可以很大很远很难实现，可是一旦变成妈妈，愿望只剩小小一个了：想在天气好时去海边，不需要花钱，不需要辛苦女儿，只要晴天和海就能实现。
最后，最触动我的一句话是，木瓜之夏里的：不要那么着急，休息好了再出发吧。在休息的我狠狠被安慰到了哈哈哈！
会继续期待梦药水和nini的新作。"
想在天气好时去海边,喵喵喵喵,买了四本，一本给自己，其他给远方的朋友。拟泥的作品永远那么温暖细腻，像刚出炉的粉色棉花糖。轻蓬蓬的，容易化成粉色的眼泪。可能是有关母女的故事，这本没有“牡蛎壳”，只有柔软的，湿润的心。
想在天气好时去海边,momo,大概又是好恶分明的一本书，看懂了的在哭，看不懂的或许会觉得是鸡汤。拟泥用了一个很个人的故事讲出了母女这个关系间最大的阻碍与困境，但即便看懂了还是会很羡慕看不懂的朋友们，是有多幸运多幸福才不用遭遇这些起伏与磨难呢？如果能拥有了一个暑假，去一趟海边，真的太奢侈，也太幸福了。
想在天气好时去海边,喵喵锤,"两次因为短评被劝退差点错过的好书，终于在今早的播客安利里毫不犹豫就买了。睡前马上看完，像是看了一场30分钟每个画面长度内容饱满度流畅度都刚刚好的动画电影，而我眼睛和心暴雨哗哗到鼻塞差点断气。
我从来没有同理心过妈妈，在90年代下岗潮的时候是不是诚惶诚恐但又很自豪自己是体制内所以一直觉得工作稳定很重要而这份死工资一直被我嗤之以鼻觉得他们错过了经济腾飞红利；我妈在我现在的年纪都带着7岁上小学天天看动画片的我了，可我都觉得自己还没长大，她也太厉害了；从来没有问过妈妈她自己有什么梦想除了希望我什么都好，“我们那个时代的人哪有什么梦想呢”，嗯，想在天气好的时候带妈妈去海边，想让你看我看到的美丽世界。
p.s.如果有机会见到作者一定要问问为啥想去酒仙桥！"
想在天气好时去海边,Marsh L,“线条小狗”风的“海街日记”。是我最近看过的最欢的两代人故事。动人的小细节，感同身受的儿女心态，为之落泪的父母心。十块钱的草莓味口香糖一直揣在心里，如果不是妈妈老了，都一直拿不出来。
达尔文的剧情：达尔文、乔治·爱略特与19世纪英国小说中的进化论,阿提卡的陆沉,在《阁楼上的疯女人》中第一次知道Gillian Beer印象深刻。比尔不但将进化论作为叙事文本剖析，还指出进化论对小说创作的深远影响——作为文学的“科学”表征与维多利亚时期文学的互相激励，这是这本书最精彩的地方，George Levine主编的《Darwin and the Novelists：Patterns of Science in Victorian Fiction》也直观呈现了进化论与文学实践的关系。不过可惜这本书还没有继续深挖，自由主义和功利主义是维多利亚社会的主流价值取向，崇尚“进步”（“progress”）是这个时代的普遍现象，而“进化”则是“进步”的重要意义来源，【天启——进步】现代性危机问题以及其他作家如狄更斯（科学博览会），丁尼生（天文学地理学）与科学现代性互动皆可展开
还可以的金女士,碧嬋,概括而言，这本书的内容确实和营销口吻是一致的——“在河南当做题家，在中传当女大，在时尚杂志GQ工作”——但如果你读进去，就会发现，路径其实并不那么重要。那些小镇女孩，从边缘到中心，横渡的绝不只有行政区划、地理距离和阶级。但是最终，她们会降落在你隔壁的工位上，并在某个昏昏欲睡的午后突然地开始回顾来时的路。“我是谁？”她们想。有的人陷入了存在主义焦虑。有的人咀嚼了一番便抛下不管。有的人打算去更远的地方找答案。有的人写了一本书。
还可以的金女士,Bunny焦虑,好喜欢这本书，好喜欢金子女士。这是一本工作14小时后还愿意熬夜看的可爱小书。有才华的人令人嫉妒
还可以的金女士,熊阿姨,活泼有趣生动，反复在字里行间找到“这是我”，“这也是我”，“这句话我经历过一模一样的故事”。
还可以的金女士,三三,怎么说呢，我认为这本书里面最难能可贵的就是作者对于内心很多小九九的描述，不管是愤怒嫉妒虚荣虚伪还是维持体面而做了很多表演，又何尝不是我们每一个人都有过的那些小心思，内心的那些九九可是也许我们并不愿意承认，或者我们甚至都没有认识到我们有这些小九九。可是作者一次又一次的把这些内心的小心思摊开铺平展现在我们面前，让我一次又一次的认识到原来不只是我一个人这样。
还可以的金女士,小蚁anti,谢谢金女士的真诚
还可以的金女士,Tiger's lion," 一两个小时看完 平平无奇吧 就是只是把小镇做题家和时尚绑定在一块，有趣又无趣。
全篇口水多多 还是有些可以引起共鸣的话题，比如令人怀念的暑假那个午后、关于青春考试的场景，但是整本书来说 口水居多，描述性语句让人觉得寥寥无趣，适合闲时打发
"
还可以的金女士,冷脸写代码,三星半的微博文学 不一定深刻 但大概率有趣
还可以的金女士,企鹅逃亡北极,我们还是没能冲破空气墙，没有与自己和解，微渺的存在不涉及任何宏大叙事，但也有书写的权利。
还可以的金女士,银河漫游家,如果金女士出生在我们浙江小县城，那她的成就在我们父母眼里就是一等大孝子，（为什么不是特等是因为金女士在首都知名企业工作而不是在家乡省会城市考入编制）但正因为没出生在这里，正因为远离家乡去了北京，甚至更远的地方，才会有这本书的出现。刷到很多觉得跟金女士很相似的人生的这种书评，我没有这种感觉。一是我没有金女士这么优秀的人生，二我也没有金女士这么有梗。打五星，是给成绩又好工作能力又强的人也拥有幽默的灵魂的羡慕之情…
还可以的金女士,可可,父母辈是县城机关单位，还有同事的人，可不可以称为县城做题家。小镇是野蛮的，球场地面都没有硬化的，初一就有同学早恋怀孕“结婚”的
还可以的金女士,克卜勒的新故事,看完有一种我也能尝试写书的感觉……
还可以的金女士,闻夕felicity,①小镇娃进入时尚界这个主题让我想起英剧Beautiful People（只是少了LGBTQX要素）②第一章的空心天文台和转学北京的同学的来信作为并置的隐喻很惊艳，后面就平平无奇了，甚至可以说是放弃了对更深刻主题的挖掘（对小镇做题家的理解停在了苍白的好孩子好学生，但这是最无聊的身份，不如说完全没有identity），努力一下是可以学一下埃尔诺的，但最后停在了微信公号（和时尚杂志，还不是playboy）的水准③那个前上司写的序，莫名其妙阴阳怪气④是真诚可爱的，不是《穿Prada的女魔头》因为看不到新闻理想，比较像《BJ单身日记》空碳水型糖水片。书名不应该是金女士，撑不住“女士”这两个字。快速翻完好去看真正有趣的书。我这个年纪对少女心事和学生情结真的没什么兴趣。
还可以的金女士,一年看五次海,"还可以就很不错！
从河南濮阳的中学，到传媒大学，再到GQ，看起来短短几行字，走过这十几年的路绝非易事。金子在书里写“想去外面的人都会在北京相见”真是一语中的，我们小镇女孩从中学就开始吃跑操的苦，吃晚自习的苦，吃没有周末的苦，吃分数很高的苦，吃了这么多的苦，然后来到北京，继续吃打工的苦。我们梳理着相同的回忆，感叹现在过得还不错是因为吃了这么多的苦还没放弃，我真棒呀！金子就是我们小镇女孩的带头大姐，替小镇女孩闯出了一条路，也替小镇女孩狠狠发了一次声。我在北京过得还可以，我也是还可以的赵女士！"
还可以的金女士,默,我很佩服金子的一点是，她将很多暗藏心底的的小心思不加掩饰地写在了书中，而我们读到了也不禁会心一笑，哦，原来我们都共享过同一份心境。这本书是很私人的，但这份私人却最能触动我，也同样让我想起关于童年午后的记忆，关于青春期那件起球的卫衣，关于成年后“不体面”的那份尴尬。哎，其实不体面也没啥。
还可以的金女士,云次方的女儿🐰,同样作为小镇做题家，同样是某省某年高考文科前xxx名。（笑，希望这也是我最后一次提这个），同样在一线城市努力生活。看这本书时真的好几次泪流不止，那是同频共振的泪水，是回望来时路感慨的泪水，是知道未来的自己仍会带着做题家影子、自嘲时也不忘自我欣赏流下的欣慰的泪水。
还可以的金女士,东林君,刚收到书，看了一点，已经两次被整笑了，还都是作者的（前）男友的话。“因为你是年级第一，和你在一起很有面子。”“你就是在这么，嗯，荒芜的地方长大的吗？”很多共同感受，但现在的我没勇气写出来。了不起的金女士ps一天看完（很好读），最大的感受是时尚真是个吃人还吃不到什么好肉、给你看钱花钱但不给你钱的行当。cf小包的经历一度让我以为作者走出了猫鼠游戏，结果还是以房贷和Prada结局。内心祝愿作者早日离开这行
还可以的金女士,XD,"很厉害的金女士
ps. 据说，爱迪生会在学习桌边放一把带扶手的椅子，在桌子上放一张纸和一支笔。然后，他会拿一个金属平底锅，把它翻过来，小心地将它放在椅子右侧扶手正下方的地板上。
更奇怪的是，他会用右手拿起两到三颗钢球。最后，爱迪生坐进椅子里，右手支撑在扶手上，抓住钢球。这时，爱迪生才放松下来，整个人进入睡眠状态。在他开始做梦的那一刻，肌肉张力放松，他就会松开钢球，让它们掉进下方的金属锅里，把自己吵醒。
然后，他会把梦境中涌现的创意点子全写下来。真是个天才，不是吗？
摘自他书"
还可以的金女士,🍐,哪怕肉身已经走出小镇好多年，小镇的空气墙还是无处不在。
还可以的金女士,Moonlight,「我总是近乎刻奇地想象一个十几岁的自己，在她眼里这一切该是多么熠熠生辉。我总是想向曾经的自己证明一些什么。与其说是她成长为了我，不如说是我一直在沿着她手指的方向探索。当我踏上路途，发现那路上已经被她用想象力踩满脚印，而我只不过是亦步亦趋。对于一个少女的心愿而言，最重要的不是实现与否，而是一个交代。在所有能给我交代的成年人中，没有人能比我自己更为郑重。」——还可以的金女士！
还可以的金女士,帽,看的过程中几度想直接打分，最后还是坚持看完，现在看完可以说了，我很客观
舆论,乙左左,首先使用“刻板印象”的作者。我原以为是一百年前的作品未必适用现在的环境，读完发现比想象的有洞见，犀利，直击核心，标题为“舆论”，其实讨论更多的是“国家意志”“群体意识”和“社会目的”是如何形成的，在对信息的获得与思考，将审查、保密等制度和刻板印象的出现做了某种联结，引出民主图景则关注的焦点在自我利益和共同意愿这对矛盾上，基尔特社会主义的优势和弊端也非常明显，新闻的本质这章充满真知灼见。现在肯定需要一本新的关于“舆论”的讨论书籍，各种社交软件以及新闻的传播速度发生如此大的变化，“舆论”又呈现新的形态，不过，这本书里提到的这些本质的部分其实依旧适用。
舆论,听风的歌,"这本书依然是传播学的经典之作，主要是侧重于对于媒体信息的解构与理解。

这书从两个面向入手，一方面是媒体的信息权力塑造地位，受时间精力所限，民众对这个世界的了解不是通过自己直接的一手观察而来，而是要依靠阅读大众媒体的介绍，而是基于媒体向你描绘出来的那个世界。李普曼把媒体描绘出来的那个世界称为“拟态环境”。因此，我们以为自己看到的、思考的是真实世界，其实只不过是媒体建构的伪世界。

另一方面，是来自于民众自身的“刻板印象”人们在看待具体的事物的时候，总是容易把它们套到大的类别里面去，而人们对这些大的类别的看法又是充满刻板印象的，人们会先入为主地利用脑中的偏见和成见来看世界，用李普曼的话说，“我们不是先看到事物，然后给它们下定义，而是先下定义然后再去看它们。”
"
舆论,叙事通勤族,非常经典的一本传播学著作，在一百年后的今天，这本书依然具有现实意义。李普曼犀利地指出，现代社会的复杂性远超个体认知能力，人们不得不依赖刻板印象来简化判断。这种认知捷径虽能提高信息处理效率，却也会造成偏见与误解。我们以为的自由思考，可能只是对媒体框架的无意识回应；我们坚信的真相，或许只是精心设计的拟态环境。在爆炸的信息流中，我们如何保持清醒的判断力？我想这是每一个生活在信息社会的人都需要思考的问题。
舆论,goldlya,原作者生活在一百年前，知识十分丰富，引经据典随手就来，甚至很多典故十分难考，翻译时每个都做了考证，尽力还原出作者当时的心境和想法，文风上也是极力还原作者的言辞机敏，让自己更接近这个伟大的灵魂。一切诸经，皆为敲门砖，是要敲开门，唤出其中的人来，而此人就是你自己，因为世界就是自己的构造！此经则是最好的敲门砖
舆论,狗子在读了,何止是传播学，简直就是心理学、社会学、管理学、政治学通吃！书中“刻板印象”那一章节引发了不少思考。好奇妙的感觉，感觉自己就是一种，能认识到“二手现实”，但却逃不掉的感觉😂
舆论,韧勉,传播学经典，细读起来觉得历史学与社会学视野都很广阔。李普曼强调在当前掌权的这一代人的生活中，说服已成为一种自觉的艺术，也是大众政府的常规机制。我们尚未理解其后果，但要说掌握了如何创造共识的知识，就会改变每一个政治计算和每一个政治前提，那也并非是一个大胆的预言。在宣传的影响下，我们思维中旧有的常量已然成变量。譬如，民主的原始信条，即人心自能萌生治理人类事务之智识，已难再令人信服。若我们以此理行事，就会让自己陷入自我欺骗，并面临无法验证的说服形式。业已证实，若要应对我们力所不及的世界，我们就不能依赖直觉、良心或偶发之见。
舆论,柏舟。,李普曼的拟态环境告诉我们，新闻媒介只能描绘大环境中很有限的一部分，如同黑夜里的探照灯，把一个事物从暗处摆到了明处再去照另一个，而我们出于自身精力等原因，也只能获取媒介描述的一部分。这样看来，刻板印象也是了解世界的一部分，总比不懂好。
舆论,甜蜜生活,人心中的成见是一座大山
舆论,游啊游的游,沃尔特·李普曼在百年前便以犀利笔触拆解了“信息魔术”的虚妄，精准预言了算法时代埋下的认知陷阱。当公众的认知被困于时空的茧房与媒介的枷锁之中，视野被压缩、思维被窄化；当利益集团凭借资本与权谋，精心编织信息罗网，操纵信息流向，真相便如同风中残烛，摇曳欲灭。新闻与真相的战场早已从铅字印刷的纸张蔓延至数字代码构筑的虚拟世界，数据洪流裹挟着真假难辨的碎片，冲击着人们原本就脆弱的认知堤坝。我们正站在信息迷宫的十字路口，稍有不慎，便会迷失在虚假与偏见的迷雾里。
舆论,非期望结果OOE,经典无论什么时候读，都让读者有得着。再版将之前教材味超浓的封面换下，摇身一变，一本极具设计感的“潮”书面世。跟本书的背景和内容有种微妙的呼应。最后书中的方案似乎过于理想主义，但如果我们开始懂得承认认知的局限，开始警惕符号的诱惑，开始在众声喧哗中独立思考，这些不正是李普曼留给数字时代珍贵的礼物吗？
舆论,半思半梦半时光,鉴于作者的身份，不知道会不会是文化冷战研究的方向。远离舆论场上被批量制造出的垃圾信息，走出自我认知的小圈子，打破我们每个人的刻板印象。
舆论,老付好读书,成书与百多年前，却以预见了今天的种种，很佩服像作者这样的有前瞻性的优秀人才。书中内容对当下的媒体，舆论实际情况也可以说是一针见血。语言通俗，翻译功底扎实，非常值得一读在读。
舆论,时间之葬,本质上所说的是“事实”的不可知，尤其当“事实”关涉到普通人难以触及的深度和广度时，人们就只能凭借刻板印象和想象来做选择和决定。一百年前的调查显示，一个受过教育的普通人每天大约只愿花费一刻钟的时间关注公共事务，一百年后大概变化不大。
舆论,OmegaAlpha20,实物是荧光粉和黑的撞色，比效果图美。百年经典，真·常读常新。看懂风哪边吹。
舆论,恩醯NX,4.5星。对现代民主制度的社会心理学阐释。书中核心观点是，信息高度复杂的现代社会中，公众对现实的认知并非出自理性分析或直接经验，而是源于媒体所建构的“拟态环境”。这一环境充斥着刻板印象与文化符号，帮助个体快速理解世界的同时，也使公众判断更易受操控。李普曼批判传统民主理论过于关注政府的合法起源，却忽视了民主赖以维系的过程与结果。他强调，“共同意愿”并非自然生成，而是需要被持续制造。基于此，他剖析了舆论、媒体与宣传间的关系。指出，新闻机构并非中立的信息搬运工，而是以选择性呈现与叙事框架引导公众情绪与认知。为应对这样的困境，社会亟需构建一种“有组织的情报工作”机制，使公众得以在纷繁现实中形成可靠判断。作者虽对人性纯良和诉诸理性持审慎态度，但仍冷静地从现实主义出发，试图为现代民主探索一条务实的路。
舆论,释槐鸟,神作。
舆论,黑貓十一,想了想作者的确还是乐观主义精神，虽然经历过一战的人觉得已经经历过末世，但想到之后还有二战和冷战中舆论的变化、情报收集和传播影响控制之下的变异……。
舆论,横转中子星,阅读本书之后能够感受到记者为什么能被称为无冕之王，不只是因为其工作的内容，还因为这种信息传播的巨大力量。一个重大事件发生之后，普通民众（第一现场的人之外）获取信息最快的渠道就是通过报导，而这些报道就是出自记者的手笔（当然今天自媒体发展迅速，每个人都可以成为信息的传递者）。具有针对性的文字以及对民众情绪的指引将会让文字爆发比原子弹更大的威力。当我们纵观历史，戈培尔的舆论宣传与美国之音的大力运作，都是舆论影响巨大的鲜明映照。
舆论,十四行诗。,很有洞见的一本书，甚至在目前的时代这本书的观点还要显得更具意义，当个人越发自然地浸泡在公众观点之中时，如何认识自己如何认识事物，如何认识自己的观点的来源成为了关键，这种审视既是一种保障自由权利的能力，也是处理个人生命和外界关系的必然要求，经过审视的自我才能真正接纳自己的生命。
舆论,4811702,"牛
“"
关于春天：托芙·扬松短篇自选集,盐少女,有种写作练习册的感觉，主题广泛，但并不具备非常丰富的故事要素，体会大于情节。喜欢《轻装旅行》，“一切都被贸然贴上焦虑的标签，而对于真正的痛苦，人们又没有勇气，也没有耐心去定义。” 大同小异的人类焦虑，是世界上程度最轻的痛苦。
关于春天：托芙·扬松短篇自选集,午夜煮饭婆,讀完後才驚覺敘事其實很先鋒，至今批評界還在糾纏討論的虛構與非虛構邊界，人家幾十年前就開始探索互融的可能性
关于春天：托芙·扬松短篇自选集,Re:Re:Erised,托芙及其亲友的生活痕迹散落在页面之间，过往碎片被她信手拈来，自然而流畅地加工成一篇篇或长或短的故事（最短的《捕获灵感》仅两面纸）。她的艺术加工手法实在是优雅！线条优美，拼接不留痕迹。信件和对话是一些故事的主体，“说话”这件事在托芙的写作中占有一席之地。托芙笔下的自然元素有一种动人心魄的美——这是书中最触动我的地方，带着北欧地貌特有的质感（如《关于春天》《黑与白》《松鼠》《船和我》几篇），像她的画作一样透着光辉。不少篇目的主人公是艺术家，托芙的创作历程和艺术观也在书中有所呈现。无法定义的一部短篇集，如同偷偷划着小船出海航行时的一呼一吸。
关于春天：托芙·扬松短篇自选集,吉本巴啦啦,扬松暮年的自选集，好看，少了很多另两本短篇集里优柔寡断的无力感。特别喜欢《卡琳，我的朋友》。书名起得好，一辈子选出些故事，在老了的时候，回到人生的春天。
关于春天：托芙·扬松短篇自选集,夏周在兔子洞,同名篇好美，冰雪消融的滴答声化开来，雀跃又失落，庄重又迟疑，“有机会的话，抬头看看天空”“所有的人，来自黑暗冬日的人们，出现在了令人目眩的迷人春日中”，剩下的未说出口的话，都在那句“春天快乐”里。
关于春天：托芙·扬松短篇自选集,菠耳,春天最后一个节气谷雨读这本书，恰恰想珍藏一种感觉，而非情节本身。杨松最后一本书，最为本真的袒露了隐秘的情结，甚至比姆明系列还要更暴露，可以说是“创作与爱”的自传式表达。她一生在漫画和其他艺术间缠斗，可见于《捕获灵感》里反复描摹一棵树的中国画家，《和塞缪尔的对话》里给所有人写决裂书的艺术生，《狼》里带领日本客人去见充满野性的困兽狼的“她”，《漫画家》里画了几十年漫画，突然离群索居的漫画家，那不正是作者本人！《船和我》里她化身十二岁的自己，偷偷驾船出海，多么有少年心气！
关于春天：托芙·扬松短篇自选集,Márquez,"春天封面>文笔，亲密关系那几篇更好，“你可以假设这么一个例子，对我而言，生存所需的物质包括碳水化合物、氮、水和氧气。
和你在一起，我可能会获得氧气、碳水化合物和水。和——比方说博伊尔在一起吧，我能获得的只有水”"
关于春天：托芙·扬松短篇自选集,长安,度过了寂静的漫长黑夜才能写出的小品，每一则像一个小水池，深深浅浅，有些还结着冰。最喜欢那个美术学院罗伯特的故事，他礼貌地写告别信，然后有一天走出了边境。
关于春天：托芙·扬松短篇自选集,饺子,"托芙·扬松绝不是保守固执的人，恰恰相反，她用激进的智慧和绝对的克制，在一生中于儿童文学、小说、绘画、插画等诸多领域有着极高成就。

春日读这本《关于春天》，与不属于春天的一切告别。"
关于春天：托芙·扬松短篇自选集,yyyyyyy,有韵律的轻快小说🎶
关于春天：托芙·扬松短篇自选集,闻夕felicity,虽然是短篇小说集但很多都有作者扬松强烈的影子。大部分故事都围绕从她的艺术家（尤其是画家）+北欧的身份出发对生活的小洞察编织，对宗教信仰的怀疑和旅行是高频出现的主题。我比较喜欢这几篇：《黑与白》有点爱伦坡的味道；《暑期寄养儿童》也比较有风格、略有约翰欧文的味道；《爱情故事》让我爆笑（什么是爱情？爱情就是当你魂不守舍地爱上买不起的东西时，爱人说好我们一起去偷）。扬松有种略古怪的近似于“不读空气”的幽默感时不时地在闪动。
关于春天：托芙·扬松短篇自选集,十山,"最喜欢的：和塞缪尔的对话/罗伯特/轻装旅行/关于春天/伟大的旅行/狼/蔚蓝海岸之行
立马下单送给朋友，然后想每年春天重温一遍
读着“大自然中的艺术”，意识到失恋后去厦门独游时去看了那对大地艺术家的作品——包裹万物。托芙也是这样包裹万物的人，还带着有绒毛的小刺"
关于春天：托芙·扬松短篇自选集,四火火火火,一本托芙的随笔思想漫游合集，小说的轻松，快活，来自广大读者的信各色各异，很有趣，就像书里说的，生活不该只是纵情享乐，也不必坚持走最正确的道路，更没必要追求快节奏，我们应该活得真实，任由天性引导我们找寻自我，活着的过程，也是我们找寻同伴的过程——那些能给予我们灵感，助我们一臂之力的同伴，暮年作品依旧是携带着她最童真美好的灵魂碎片。
关于春天：托芙·扬松短篇自选集,今天天气阴阴阴,60%弃，太多主角男的短篇，女主角的文也没有很抓住我，有点失望，云里雾里的感觉不好受。
关于春天：托芙·扬松短篇自选集,smile,"别担心，我们会做美好的梦，醒来时就会是春天。
我们停下脚步，告诉对方春天已经来临。
我说：“有机会的话，抬头看看天空。”"
关于春天：托芙·扬松短篇自选集,原晟,温暖的文字，值得拥有
关于春天：托芙·扬松短篇自选集,溏心冲浪板,"即使是读完没什么感觉的篇目，我心里的声音也会说：可这是扬松写的！
这种倾向又好又不好！"
关于春天：托芙·扬松短篇自选集,深夜球迷,3.5感受大于技巧，很有趣但回味无。
关于春天：托芙·扬松短篇自选集,皮下真菌,“在我看来，每一幅画，无论是景物画还是风景画，本质上来说都是画家的自画像！”大多数短篇读来也像是托芙的自传：很多个舅舅，画插画的母亲，养了猴子的雕塑家父亲，疲惫的漫画家，一次次从漫长冬天里苏醒的斯堪的纳维亚……有些短篇又希望是纯虚构的，比如那个没有能见到她的日本女孩，因为“在日本，当你变成全家年纪最长的那一个，你就不能离开家，也不想离开。” 最喜欢的一篇是《松鼠》，很难不想起姆明谷的冬天里那只在春天复活的大尾巴松鼠。
关于春天：托芙·扬松短篇自选集,II .,我们做美好的梦，醒来的时候是春天
别了，母亲：守墓女儿的决断,土星记事,作为社会/家庭弱者的母亲，一面沉浸在母女之间性别弱势者的情感联结，一面又“不得不”站在父权社会的那一边，成为强化社会主流观念、延续父权结构的关键角色，行使以爱之名的暴力。于是一个专属男性的形容词——伟大的——被授予这样的母亲，将社会对母亲们进行的成规性暴力，转化为嘉奖她们对父权社会的运行作出的努力。因此我们不仅仅需要告别母亲，更需要理解和改变“母亲”，赋予这一身份以新的想象力。
别了，母亲：守墓女儿的决断,华之敖不理解,好像总是在做一些挣脱观念束缚的选题，比如《好不愤怒》比如《我，厌男》比如《她们不是唠叨，只是受够了》，再比如刚上市的这本。从在上野书中反复看到信田的名字，到看见她们两个的对谈集，再到拿到这本书的版权，眼前的路越来越宽越来越亮，亮到我又一次打破了“弑母”羞耻，意识到自己平日里有的那种幽微黑暗的情绪，别人也会有，意识到与传统文化抵牾的想挣脱父母束缚的观念并不是禁忌，它不仅是可以的甚至是必要的。醍醐灌顶。如释重负。
别了，母亲：守墓女儿的决断,烨伊,作为某位母亲眼中的负面形象代言人，作为某位“守墓者”的亲人，哦，现在终于可以说是亲人了……整个案例读得人心酸得一塌糊涂……另外，即使理解自身的情非得已，我还是深深地愧疚于自己在某个时刻做得很不够。相比生动易懂的案例分析，咨询建议的部分确实算是“标准答案”，只是也许只有少数人能做到。反正遇到这种老大难的问题就不要强求什么一招鲜的解决方式了。最后，衷心希望每一位“守墓者”早日得到解脱。“红皮书”出来了，“黄皮书”啥时候出？
别了，母亲：守墓女儿的决断,阿心,一本小书，用一个故事讲清了母女之间羁绊的束缚化，邀请现在的和未来的母亲共同决断，挣开黏稠束缚，寻回“我”这个主语。“更多时候，你应该想不起来自己是位母亲。因为母亲这个身份的范围终究是有限的。正如父亲总是在踏出家门后忘掉自己的父亲角色，母亲也可以这么做。”很酷的提议。虽然我和母亲的关系完全是另一个极端，但仍从这个故事中体会到了近似的痛感。又想起念书时跟同班女孩聊天，她妈妈会非常频繁地寄东西打电话给她，我有点羡慕，但她却说她妈妈养育她就像圈养了一只小宠物，当时我只觉困惑，如果有机会再次跟她聊起这个话题，我一定会好好听她讲完那时没能说出口的话。
别了，母亲：守墓女儿的决断,新星出版社,“妈，我是大人了，我有自己的人生”。冲破禁忌，勇敢说不，解开东亚女儿精神枷锁的力作。上野千鹤子大力推荐，《厌女》《从零开始的女性主义》反复引用！
别了，母亲：守墓女儿的决断,Donuts🕳️,那个故事非常生动，可惜只有一个故事
别了，母亲：守墓女儿的决断,祝羽捷,向“好女儿”身份的自我告别中，重新拾回作为“自己”的自由。
别了，母亲：守墓女儿的决断,叶南声,无论是强势又执着的母亲，还是想要逃离的女儿，在讨论母女问题时，不能忽略的一定是丈夫和父亲职责的缺失，导致矛盾聚集在了母女之间。但却又常被认为，这不过是女人们之间无法避免的问题。
别了，母亲：守墓女儿的决断,米粉队长,为写推送重看一遍的时候觉得更好，很好读、很典型。同时在跟sy聊完全不管她的她的母亲，各有各的痛苦，各有各的幸福，但…………
别了，母亲：守墓女儿的决断,Zagadka,日本人真的是紧绷又擅长反思。
别了，母亲：守墓女儿的决断,阿阿阿阿阿潘,完整呈现了一个个案，很有意义。母亲对女儿有着令人窒息的爱，是因为母亲往往只有通过女儿才能实现自我。加上对老公的绝望，满腔热情只有寄托在孩子身上。作者提出的“为自己的人生负责任”当然非常重要，也要考虑造成这种状况的社会因素，是什么令女性的道路如此狭窄，令女性产生自我憎恶
别了，母亲：守墓女儿的决断,一只鳄,作为女儿会时常出现的无力感在读到“社会的评价扼杀了孩子的视角”的时候被狠狠触动了。
别了，母亲：守墓女儿的决断,深蓝与湖蓝.,可以共情的部分太多了。
别了，母亲：守墓女儿的决断,Zye.,书中的案例让人很有共鸣…
别了，母亲：守墓女儿的决断,小神通,读这类书未尝不是一种饮鸩止渴，它们鼓励人更为强势，更为在意自己，其实本质上都是一个人如何处理自己和他人之间的关系，这是比在意自己更难的问题。
别了，母亲：守墓女儿的决断,夏天最好老霸王,感谢这本书，感觉解脱了一部分内心的重负，妈妈去世前，我一年只回家两次，我害怕面对她和她沉重的、我不能实现的期望，她死前难过的对我说，我死了你是不是很高兴，因为终于没人管你了。她死后我始终没办法面对我内心真实的感受并因此特别恨自己：我真的松了一口气。读完这本我感觉更了解妈妈了，对待妈妈的痛苦一定要学会课题分离，可能每个东亚女儿都像贾晓玲，相信自己是妈妈的枷锁，困住了母亲，宁愿自己从未存在过也希望妈妈获得幸福的人生，却忘了（就像妈妈不太会把女儿当成独立的大人一样），那也是妈妈做出的选择😭😭😭
别了，母亲：守墓女儿的决断,开心果,真的挺好的，给我读哭了，强烈推荐一下
别了，母亲：守墓女儿的决断,momo,不错
悬停日日,朽木子,阅读感受最无法形容的一集，就很灵很跳很飞很妙。请亲自体验。总之很高兴认识你拉美妙妙胡
悬停日日,撑洋伞的Mr.,太抽象了，只能承认自己的水平看不懂了，想从评论里找点解释，评论也都挺抽象的。
悬停日日,渡边,出色的画作，对色彩和阴影的调配大胆而极富想象力，每一幅都经得起凝视。
悬停日日,达令十字,我要跟埃马尔结婚！跟他结婚！
悬停日日,补特伽罗,“美好的一天”从看断头台开始，到回房间睡觉结束。主角像是刷新在虚构南美小城中的玩家，领取到生存任务是：必须和妻子完成一趟小型的“尤利西斯”之旅。每一个打卡的场景都以“受够了，咱们溜吧”结束，但他们依然无法逃离这座悲哀的城市。这对夫妻像是《等待戈多》里弗拉基米尔和爱斯特拉冈，拥有说“咱们走吧”但双脚永远停留在原地的宿命。最后的量子结局太超前了，哪里像是90年前的作品！
悬停日日,7outta6,幽默、疯癫又深邃。一开始的审判和断头颇似讽刺闹剧，这种气质延伸到动物园，在雌狮和鸵鸟的隐喻后顺着画家的红绿光谱逐渐滑进意识的深渊，而后铺展开的全是脑中的褶皱和捉迷藏的意识。像是超现实和意识流的结合，对感知之不稳定、时间之非线性描绘非常生动，但最后给了角色和读者一个喘息的收束，飞起的阅读旅程还是稳稳落地了。是小说的写法，但语言有诗的张力，最后收录的画作耐看。
悬停日日,#21,妙啊，原本以为只是历时一天的走马观花式的故事流水（吐槽版），没想到最后会用小便池（关键意象）的虚拟走钟（日轮）复盘了整个人生（把艺术作为集成电路）。确实世界太无聊，咱们也溜吧！这么想来拉美也有了一本自己的溜利西斯。
悬停日日,冬至,感觉写得也没那么玄乎，要点就在“我”的父亲所说的：“永远都别再观察了”。全书的铺陈是对一种生存/写作状态的极致呈现：用一种疏离的观察去切开日常，在想象与思辨的加持下，挖掘出潜伏在生活之下的荒诞与奇异。这种视角也曾出现在科塔萨尔的一些短篇里，而这本整体上铺展得更为恣意。拥有这种视角，也就有了一种命运：“溜吧”
悬停日日,布卤,承认吧，我看不懂。是不是和溜不掉一样无奈。
悬停日日,时间之葬,画好，小说不好
悬停日日,维参,这些古怪的故事既不诱导我们感知，也不打算深究人类存在的哲学，只是在讽刺、离题和狂乱的裂解和重复中捕捉日常生活的紧张和荒谬。我们无法接受现实亲临，但始终想望着、悬停着一种面朝解放的束缚、一种激活创造的压抑。每一个故事结尾，胡安和妻子都互相说道：“我受够了，咱们溜吧！”在这循环而又前进的昨日和未来，我们溜来溜去，直到完全宁静的睡眠。
悬停日日,李唐,典型的拉美式奇观——最生动的日常与最形而上的思辨怪异地结合，或者说一次相撞，整本书就像是撞击时纷飞的灰烬与火焰。读到后面又有些莫名伤感：这永恒的一日还是过去了，唯有文字如同最后那副封闭的自画像，将这一日永存。
悬停日日,Glücklich,"书是好书，但是翻译得太烂了，很久没看过那么烂的西班牙语翻译作品了。很多地方语序都不通！
不求翻译的诗意绵绵，至少前后逻辑不要有问题吧？前言不搭后语的，搞得和意识流一样……一边读书还要一遍理语序
如果换个人翻译或许可以给到五星，内容和既往读过的美洲文学一样超脱，总能在意想不到的地方转折，非常有趣！！！希望未来能看到新译本，这版翻译真的太烂了！找原文机翻再AI润色一下可能都比这版好。原本南海出版社出版的还以为译文有保障…这本真的……一言难尽。要不是短篇，可能看一半就弃了，眼睛在前面看，脑子在后面追。"
悬停日日,伴生蝴蝶玻璃罩,胡安·埃马尔不是天才，而是鬼才。前期叙述是俏皮跳脱的。像不寻常的糖果，像怪味豆，古灵精怪的想象力，无比缤纷的色彩氛围，跟封面完全契合。各种感官集聚到一起，像在开party。仿佛能看到作家写时脸也红红的，露出兴奋的微笑，每颗牙齿都可以和空气交朋友… 但跳脱下有一颗清醒理智的心，符合拉美文学的政治隐喻总穿插其中。哲学意味和意识流也不断交织。于是到后期，开始令人头晕目眩，像醉酒般，头脑里每个字都在旋转跳跃，扭曲成不一样的线条，于是我也做出游泳动作，从地面轻轻跃起后转圈向他靠近，企图触摸他复杂如线团思想的一点踪迹。最后一部分纵然难读也依然是最精彩的。有解析意识流之感。我感受着每一行字从大脑皮层中溜过后又像风一样消散，试图抓住却只感受到它走后淡淡的情绪，这又怎么不是和书中将近疯狂的“我”的一种同频呢？
悬停日日,固态蒸汽,非常超现实主义了，作为拉美先锋派文学的奠基者果然超前，文学评论里对比其与科塔萨尔，两者的阅读体验完全不同，胡安埃马尔的哲学意味更强，荒诞的成分与叙事结构的碎片化以及向内求的哲学思考关系密切，而科塔萨尔则更偏重（日常的）幻想与游戏性。阅读体验都是独特的，当然从作品的结局来看，一个成为了创造新菜的人，另一个成为了把新菜端上桌的人。
悬停日日,美凌格Monster,借助时空穿梭之力逃走，咱们溜吧！
悬停日日,把噗,杰作。胡安·埃马尔不仅深谙超现实主义，对柏格森的时间理论恐怕也不陌生。他的画作是马格内特和基里科的混杂。他的文字是纯视听情境的不断涌现，比普鲁斯特具有逻辑性的追忆更加炫目、耀眼：瞬间中含括过往的一切。
悬停日日,仲曰,结合作者的油画作品看很有意思，借故事里的画家之口做了注释：…包含了所有的绿色。往昔岁月中的绿色。包含了地球一路演变抛下的所有绿色、如今依旧陪伴它的所有绿色和未来将随它转动的所有绿色。属于四大元素的绿色。属于以太的绿色。…所有的绿色。
悬停日日,内陆飞鱼,好读，喜欢这种语感和叙事方式。
悬停日日,陆支羽,3.0。1.当三只飞虫逃窜，整个世界，真实的世界涌进我的房间。它就在那儿将我包裹，与我融为一体。2.为了吃饭、问候、讨论、做梦、打哈欠、爱，最后为了醒来，为了日复一日与我的同类、空气、土地和生活亲密地重逢而睡觉。
爱，死亡和机器人 4,乙左左,这本里比较喜欢的是《暴龙的尖叫》《蜘蛛罗斯》和《400男孩》，这类小说的动作场面确实挺适合爱死机的电影画面表现，好了，读完原著，准备去看电影了！
爱，死亡和机器人 4,陆支羽,3.0。如果是先读原著再看剧，可能感受会好很多吧。
爱，死亡和机器人 4,亚木,"第一篇《暴龙的尖叫》激活了我看爱死机的DNA,《因为它能匍匐前行》有那种古典文学的味道，好像很适合做成音乐剧的感觉，《蜘蛛罗斯》也很对味，...《迷你深度接触》挺期待视觉化后的效果，一定很荒诞。赶在看剧前把书看完了，然后可以放心去看剧了。"
爱，死亡和机器人 4,珍妮的肖像🦤,"宇宙广袤中，偶现华丽高技金属光泽。飞船人工环境中的战歇时优雅，是种漠然和主动隔绝，对时间流速与命运复杂多舛的深深倦怠，孤独从麻木知觉里醒来时，比子宫期婴儿沉浸感受式的恒定液态温暖贪恋更甚，死生比起日以继夜的星际深邃无边，亦幻亦真，愈加遥远小事了。（也是说第三集）

还是书的表达力更好些。剧集各种把控不行，是不是越来越依赖无脑 ai 生成～"
爱，死亡和机器人 4,Mage,前三篇紧扣❤️💀🤖主题，其余篇幅剧情在意料之中：插科打诨和血浆横飞……《你的智能家具在背后说你坏话》如此的碎片化，就看编剧和导演怎么鬼斧神工的整活了。
爱，死亡和机器人 4,查莫宁的靴猫,剧版烂到那种地步 还寄希望于书能好一点呢 结果毫无惊喜 原作的水平=剧版的水平 甚至个别故事还是剧版改的更漂亮一点
爱，死亡和机器人 4,sidwith,《蜘蛛罗斯》有点意思，虽然题材不新颖，但讲出来的味道仍有新鲜感，其他篇不说了
爱，死亡和机器人 4,胸口碎大石,7
爱，死亡和机器人 4,徐五花,"咋说呢，感觉爱死机文本质量一直都挺糟糕的。一直有说法是说三流的小说才更适合改出优秀的作品，但现在看来如果原著都缺少改编所必要的戏剧张力，那改编想要优秀，那恐怕耗费的精力和自己创作人创作品没什么区别。
这本里面很多内容都几近儿戏，粗糙到“完全不在乎某些东西”。另一方面又像是在一个本身就很智障的思路上添砖加瓦，就像是一个蠢货喋喋不休的告诉你他到底有多蠢，但实际上你看到他的第一眼就一目了然。还有一个是这本里面都喜欢写各种小队，然后群像又写不好最后沦为彻底的失败。最想吐槽的是斯卡尔奇，他那些定位就是a岛的小短文，居然还真就一而再再而三的被选进来，真的早就没意思加审美疲劳了，可能这个导演比较吃这一套吧"
爱，死亡和机器人 4,長澤研一,倒是跟动画一样，原著小说还是平庸了点，寓言故事都写得不好，没写明白，不完整的故事依旧是“不完整”的，即便是完整的故事读完后也没有感到多大惊喜和新奇感，没有一个故事是值得拍案叫绝的。非要比较的话第四季动画对小说是有所删减的，或者动画补充了一些小说的想象空间，彼此各有优缺点吧，但都不掩盖动画和小说故事的平庸。尽管有些小说故事本身很一般，但一般得有必要改编成动画吗？所以说，网飞爸爸真有钱，愿意投资愿意投资给制作方创作，从不干涉剧本的挑选。希望《爱，死亡和机器人》制作方有点自知之明，提高一下挑选小说的审美。
爱，死亡和机器人 4,摆酒,只有布鲁斯·斯特林能看，其实爱死机这一整个系列三本小说集都只有布鲁斯·斯特林能看。showrunner是真爱斯卡尔齐那些小品文啊，我服了，拿去科幻世界投稿估计都会被拒。
爱，死亡和机器人 4,Tom,果然不读原著根本不知道动画想表达什么…
爱，死亡和机器人 4,百合花,很好的
爱，死亡和机器人 4,小龙包,比剧好
创意行为：存在即答案,MasterPa,有幸读了样书，很有趣！但绝对不适合大部分人。有病的需要治的人读吧哈哈哈。
创意行为：存在即答案,-Blueshin-,"打五星的真不是托！！！😭😭

我都想给这本书打五百颗星。
真的被这位作者理解到了 “你没有什么可失去的” 义无反顾地前进吧 大艺术家们！"
创意行为：存在即答案,在野,"写的太好啦！与其说是“创意指南”，不如说是“人生宝典”！与以往“创意类”相关书籍不同的是，作者并没有枯燥乏味地去罗列大量的所谓“成功案例”，也并没有直接给出我们进行艺术创作的方法，而是如清泉春风般缓缓道来，让我们看见的不只是艺术，更是世间万物；
他谈论创作的法则，更是在探讨人生的法则；他谈及艺术，更谈及宇宙万物、人的本心、以及人心跟宇宙间的奇妙连结；让我们浮躁的、急于求成的、或是被卡住的、迷失方向的心，都在阅读的间隙平静舒缓起来。
书中谈及的关于艺术创作的问题，又何尝不是你我人生中会遇到的大多数问题呢？或许，不论进行创作还是面对自己的人生，始终保持孩童般的赤诚都是个不错的选择。
一如作者写，与其羡慕或模仿别人，不如珍视自己的声音，培养它、爱护它，去相信即使走错路也会看见不同的风景。"
创意行为：存在即答案,逆转命运的一年,鸡汤书。但书中提出了一个很重要的观点，做创意行业最重要的一种能力，首先是识别能力。要能分辨得出来“差作品”，“好作品”与“伟大作品”的区别是什么？如果不具备这种能力，干这一行很困难，会浪费大量时间精力在无效行为之上，典型的例子就是同为谋女郎的周冬雨与巩俐，看过很多年前的巩俐的一个专访，她很早就说中国早就没有什么好电影，所以她也不怎么拍了，中国电影在90年代达到巅峰，也是在90年代死亡。同时作者认为P型人很适合干创意产业，如果是，真的需要多压榨一下自己，会有意想不到的效果。
创意行为：存在即答案,那是只松鼠嘛,书的触感、握感，还有重量，都舒服极了！散文化的语言、结构化的思考，连贯读下来轻松愉悦。
创意行为：存在即答案,阿澍sue,重轻老师翻译的太好了，虽然说翻译需要抽离个人的表达风格，但能把哲学性的思考用最直白简洁顺溜，一眼扫过去就能懂的话表达出来，把语言的简洁性和深刻性平衡的太好。不管在啥领域工作，只要心里有表达的欲望，就特别适合拿出来随时翻两页。另外虽然是硬皮本，但重量很轻，爱！！！
创意行为：存在即答案,老袁,整个劳动节我都在看它，并且我知道在以后还会看它，有没有用不知道，但感觉被慰藉了。
创意行为：存在即答案,大大粒麥,要是早几年看到，可能会更有帮助吧，这些观念自己已经在实践中摸到多少。冲着重轻老师的翻译去看的，翻译部分没有失望，半听半看，读起来非常舒服流畅，没有奇怪的长句和复杂的书面语，很有人味。
创意行为：存在即答案,不思之说,创造力通往的是自我探索和发现，而非表达和袒露
创意行为：存在即答案,空空儿,像一本身心灵书。它说的是创作，我有时候想到爱情（开始），有时候想到创作（中间），有时候想到互联网公司项目管理（后段）。
创意行为：存在即答案,老衲是原石,2025.4.26 如果你愿意一年每天坚持阅读经典文学作品，而不是阅读新闻，一年之后，你对伟大事物的敏锐体察进步，会更大 / 有无尽数据唾手可得，我们要仔细筛选，保障内容摄入的质量 / 艺术在艺术家和观众之间创造了深沉的连接，通过连接，两者都得到治愈 / 如果作品不能代表你是谁，你的活法，那么它如何保持能量的电荷呢/ 如果你一次一次走回老路，那么你就会失去那种惊奇和发现的能量，规则是构建察觉的一种方式
创意行为：存在即答案,Lonkan,"感动55555
我：虽然从来没从创作瓶颈中出去过，却对名利双收的可能性做好了十足的心理准备（扭屁股）"
创意行为：存在即答案,均可Drink,从艺术家和专业创作者角度来讲创新，对于其它领域也挺有借鉴意义。
创意行为：存在即答案,qia|有痣青年,每当陷入创作焦虑的时候，可以读一读。
创意行为：存在即答案,甘甘的房间,太好了，看的过程中大呼很绝，万物归一，创作和教练的本质都关于我们的生命存在状态，以及我们与宇宙的关系。
创意行为：存在即答案,海水篮子,写给文艺b的成功学👍
创意行为：存在即答案,Ally🌹,"2025.04.17- 重輕翻譯。读完第一章。定价有点贵。标记hold，再等等。

那些艺术作品，为什么能“勾引”那么多人对其投射？
一堆烂石头堆积，能成为不朽的艺术品，为什么？
为什么艺术家都是P人呢？因为想象无界，判断有界吗？
我带着“研究心”，能觉察美丽吗？能发现纯粹吗？"
创意行为：存在即答案,挖蘑菇,看完了，内容不多，很有感触，也很神棍
创意行为：存在即答案,Chilly,常读常新
创意行为：存在即答案,小字眼,"跟随兴奋的感觉

我们没完没了地讲故事给自己听，关于我们是谁，我们如何做出了这些作品。但这些都不重要。

重要的只有作品本身。实际做出来的艺术，以及带给人们的感受。
你是你。
创作是创作。"
我们都是孤独的,疯不觉,咋还不出啊😭
我们都是孤独的,好耶,"有点独特有点疯批，想看推理的到此止步，想看恐怖的请速速购入
越看越头皮发麻，越看越无法呼吸，用一本书的疯狂，为那个唯一的真相做铺垫。不管你信或不信，这都是这个故事唯一的解答。
很喜欢亚未这个角色的处理，给这个黑暗的故事带来了六亿分之一的光芒，在被惊出冷汗的同时，也可以被温暖到。
相反，作品中出现的大量黑道戏份，实在是有些哗众取宠，不仅影响了整体的阅读体验，相信这本书拖这么久没有出版的原因，也少不了这个。
无论如何，这本书都非常对我胃口，我们都是孤独的，但我们都不孤独。
"
我们都是孤独的,玩偶山庄,"天谜坑解……关于探索前世秘密的设定很有意思，文风也很有趣，所以前半本看得还是挺愉悦的，但谜底真的扯到没边儿了……
2025-136"
我们都是孤独的,微信用户,"我其实一直在纠结到底是给两星还是三星，因为这个设定我其实原来看到过类似的“假说”，所以在熬过了前面五分之四味同嚼蜡、几度想要弃文的剧情以后，只看到这么个东西，未免有点失望。
补:全书最有意思的是那两个神棍跟男主的对话"
我们都是孤独的,哲瑞·雷恩,带了点设定系+硬汉派的风格
我们都是孤独的,叄皮,虽没太看懂，但我大受震撼
我们都是孤独的,𝙒𝙖𝙡𝙠𝙚𝙧,在读过上一本《如何让读者手不释卷》后，我就特别想知道这本书怎么创作出来的……
我们都是孤独的,羊羊书屋,极少有推理作家，能够成为全能选手，而贵志祐介算是一个！科幻、本格、恐怖、青春犯罪等各种题材他都能信手拈来，并且几乎所有作品都在水准之上，而这本书，让我见证了他在硬汉派推理的又一次跨越，其实黑帮什么的我真的兴趣不大，但前世的设定，这种题材真的太吸引人了好嘛～
我们都是孤独的,糖渍,前半本还算正常故事情节展开，后面就开始越来越飘乎没边了，几乎就是挖了一个坑，坑里装着银河系。这本的设定要是和清凉院的COSMIC那本设定滴血认亲，那都是1秒速溶的效果，圆不了开始瞎扯
我们都是孤独的,红茶饼,"【有泄底】如果不当推理小说看这个结局我也无法接受，都亲了助手了个人觉得这和纯爱无关诶。
结局类似于，张三是我，李四是我，王二也是我，我爸是我，我妈也是我。我不断繁衍，我不断诞生。
当科幻小说来看属于次品，当推理小说那更是下下品。除了丹野外角色人设也单薄……算了，所有角色都是一个人呢，我还能要求什么？"
我们都是孤独的,犀川奈奈,2025-259 很精彩的纯爱科幻小说，主题是以前也了解的“前世今生论”，但读之前完全没想到剧情走向，所以确实收获了相对比较震撼的感受，在这个越深入越孤独的世界里，贵志佑介让主角走出孤独的方法十分纯爱，所以合上书的那一瞬间感慨万千。。但是一见钟情的年纪不是十七岁就更好了！
我们都是孤独的,深夜球迷,2.0偶尔有趣文字，真正意义上的不知所云。
我们都是孤独的,孙斌一,你可以依旧相信贵志佑介对于故事的前期悬念感与优秀的叙事沉浸感的把握
我们都是孤独的,DCJun,"2025#151

挺有硬汉派的感觉，不得不说，这个故事很狂野"
我们都是孤独的,小飞侠11号,大失所望啊，久违的新书，后面完全不知所云
我们都是孤独的,kk爱读书,蛮有特点的一本书，加入了一些玄学和一些哲学的元素！已经脱离了推理的范畴，更多的是作者对于人生甚至说是生死观不同的一种理解
我们都是孤独的,momo,好看
我们都是孤独的,菠萝菠萝蜜,"如果人与人之间每次交流，都是跨越时空的独角戏，这实在是太孤独了，不是吗？
但是，“等着我，仅仅四百三十二亿年而已。”"
封疆之制：明代都司卫所管理体制研究,个人走舞王路线,对于应付过历史学考试的人来说，明清两代的考纲似乎是可以让考生解脱的一部分，因为它的重点和热点都相对清晰，内容也并不复杂。个中道理似乎很简单——以治村为治国之法的太祖朝把一切都安排妥当，并自信其不肖子孙只要按此路走便可确保朱家皇族万世能吸天下人膏血。但如果往纵深探讨，应付考试的那点皮毛就太浅薄了——一个卫所制就可以延伸出三本书，字里行间都写着一板一眼的体制在变化面前是多么被动和苍白无力。本书史料运用娴熟，作者功底深厚，但也要承认缺少一个关键环节，即明亡的军事因素如何在卫所制度演变的过程中体现？或者说，在明末仍有巨大动员军事能力的北京中央又是如何崩塌？
封疆之制：明代都司卫所管理体制研究,仲夏之雪🏳‍🌈,很有启发
封疆之制：明代都司卫所管理体制研究,苏会,系统呈现作为管理体系的明代都司卫所制度的基本属性及其运行情况，涉及到都司卫所影响下的方方面面。其中，也提到了都司卫所制运行与明朝灭亡之间的关系，如卫所制在晚明的运行等。
封疆之制：明代都司卫所管理体制研究,丰台一点红,整合近十至二十年前论文而已，材料不新，乃得旧论，盍而有新意。盖卫所制度史，得以专著体量出彩者几无。
封疆之制：明代都司卫所管理体制研究,momo,不错
奥斯曼的宦官：从非洲奴隶到权力掮客,我是一个粉刷匠,"哈比沙·穆罕默德、朝觐者穆斯塔法、朝觐者贝谢尔、优素福、拉拉·苏莱曼等多位奥斯曼帝国史上权倾朝野的黑人宦官，他们凭借自己的智慧，取代了白人太监，从宫廷边缘逐步走向帝国权力中心，并将总管太监的职权提升到史无前例的高度，从后宫管理，到皇子废立，甚至掌控帝国的政治、经济、宗教各个领域。
让你立体的了解奥斯曼帝国的内部结构与制度。"
奥斯曼的宦官：从非洲奴隶到权力掮客,把噗,跟中国太监比起来 真是小巫见大巫了😄
奥斯曼的宦官：从非洲奴隶到权力掮客,Keke,太监是专制政体的标配，但弄臣不止是太监
奥斯曼的宦官：从非洲奴隶到权力掮客,万有引力,系统钩沉大量一手历史文献，对土耳其语、阿拉伯语的编年史、契约、细密画、坟墓等多方面的分析，跨越三个多世纪的历程，全面揭示非裔宦官群体的“上位之路”。
灵感迸发的每一天：汤浅政明的创作之路,elimu,稿子交了很久了，终于出了……总之作为粉丝能翻译喜欢的创作者的书是一种幸福。以及在日本两次碰见过汤浅导演本人，一次是2018年《恶魔人》超前试映，我在最前排；一次是等红灯的时候，他在我对面，他走路非常快，步伐也大，一边摇头晃脑一边风一样地走过去了，旁若无人的感觉。后来想想，这确实有点像我心目中的他作为创作者的姿态，毕竟他在业界里有无可取代的地位，失败或者成功都不是影响路线的因素，一直看着接下来要做的事情，少有回头的闲暇。这本书算是少有的回顾了。
灵感迸发的每一天：汤浅政明的创作之路,海带岛,拿到后立马迫不及待看完，对汤浅的喜爱几乎重塑了我对动画的审美体系，看完这本书会明白他的创作生涯是一个朴素的实现热爱与修正经验的过程，一种非常健康的创作者心态。小专栏里他坦白的各种小趣味让我觉得他更可爱了，比如做《猫汤》的时候听着《ok computer》度过，最喜欢的漫画家是高野文子、松本大洋和大友克洋，最希望改编的真人电影有伊坂幸太郎原著的《鱼的故事》，对《战场上的快乐圣诞》的评价是坂本龙一在战场上也化妆这会在动画里被表现得更好所以适合用正统的少女漫画表现。看完整本书我觉得《映像研》果真是为汤浅量身定做的原作啊！
灵感迸发的每一天：汤浅政明的创作之路,DONT_BOTHER,先有自己的热爱和坚持，先有自己的解读和思考，然后发现跟随者众。拿到纸质书，别忘快速翻页，这是一本flipbook，每篇后还可以扫码看小动图。汤浅政明今年已经成立新的动画工作室Ame Pippin，期待导演新作。
灵感迸发的每一天：汤浅政明的创作之路,Rikki,一不留神就看完了∠( ᐛ 」∠)＿这是一本可以反复看的书，里面详尽介绍了汤浅政明在创作过程中遇到的人和事。作为导演与单纯做动画师不同之处，是要各方面都要发展。整体看下来，虽然汤浅政明一直在说自己喜欢挑战，也许跟他本来是绘画专业而不是动画专业有关。他很容易接受一些条条框框之外的设定，不会被自己框住。当然因为他的这个优点，在创作之路上也陆陆续续遇到了很多欣赏他的不同领域的人并与他合作，做出了很多不同类型的片子，这些都是他的宝藏呀( ´▽｀)期待他的新作！！！
灵感迸发的每一天：汤浅政明的创作之路,缺钙,"PDC显示明年3月出
以上"
灵感迸发的每一天：汤浅政明的创作之路,RAD PandaaaYSR,看下来《犬王》占的篇幅确实格外长，汤浅本人也反复强调是自己分水岭一样的作品/ 回到他谈基于原作的动画改编问题：「这几年，很多人都强烈要求按照（他们心中的）原作改编，我认为这会窄化对作品的解读以及作为独立作品的动画的广度。」/ 虽然改编《春宵苦短》并邀请原作森见去看而后者被改动之大吓一跳以至于震撼到失语（夸张），但汤浅自己的原则一直很统一：有创作者结合时代性的解读，才是真正「尊重」原作和读者的改编。
灵感迸发的每一天：汤浅政明的创作之路,马戏团🎪,看访谈觉得汤浅政明展现出了蛮开朗的一面，本书含（笑）的浓度很高，但这个采访的人怎么老提《你的名字》喂，汤浅显然不感兴趣这个路数啊，先是礼貌否认，后来半开玩笑说“果然做不到《你的名字》那样呢”，感觉已经是一种宛如京都人的回答了。以及他提到了最喜欢的三位漫画家是：高野文子、大友克洋、松本大洋。书的内页设计也很活泼，可以试着用翻页动画的方式看书内的小人，这很汤浅风格。
灵感迸发的每一天：汤浅政明的创作之路,霜序十八,关于对原作进行改编，他对于“自己的解读”的坚持让我挺感动的：“按照原作”的定义本就暧昧不清，保持对作家和作品的敬意，做出属于这个时代的解读才是创作的意义。
灵感迸发的每一天：汤浅政明的创作之路,摇滚死兔子本不应该是一个顽主,汤浅政明如果用一句话形容就是让动画画风粗糙但又能高级起来的动画制作人。他的动画有着强烈的东欧式的粗犷，情感上给予观众非常直给却丰沛的亚洲式表达。从最早的《猫汤》和《蜡笔小新》特别篇，从最知名的《四叠半》和伪电气白兰地，到最新最新的《别对映像研出手！》和女王蜂参与的动画电影《犬王》，以及延展出的科学猴的一系列新作，虽然汤浅拱手让出了科学猴的宝座，但他毋庸置疑为这家公司留下了一些精神气质。我对汤浅政明的上一次挖掘，还停留在播客「偶然误差」上几年前的那期节目上，那个时候还是在新星出版社录的那期。这本书真是犹如一场及时雨，让我想起了曾经还有过研究汤浅政明那段快乐又幸福的日子。
灵感迸发的每一天：汤浅政明的创作之路,♬ CaR,原来汤浅参与过这么多我喜欢的动画作品（尤其在我本身就没看过多少的情况下，最喜欢的当然是《春宵苦短少女前进吧》这部我的人生动画之一，采访里他描述的森见登美彦也很符合我对他的认知！无论是每页的翻页漫画小人儿，还是扫描可看的短动画，都很用心，祝早日提名奥斯卡！
灵感迸发的每一天：汤浅政明的创作之路,ohu,采访小册，汤浅很有意思，采访者一般
灵感迸发的每一天：汤浅政明的创作之路,十個雪碧,看完更喜歡湯師了 很多言論和喜好我都認同 祝他早日拍上松本大洋的花男 看得出來他是真的很愛⋯⋯
灵感迸发的每一天：汤浅政明的创作之路,汤米,只是封面就让人开心的书，汤浅的热情从字里行间迸发出来，看的让人开心又羡慕。
灵感迸发的每一天：汤浅政明的创作之路,林深不见狐,给到一个五星，并且要给所有人安利《春宵苦短，少女前进吧》这部动画电影！是因为超级喜欢这部电影，爱屋及乌喜欢这本书，当然书中的内容回旋镖地解答了为什么汤浅政明可以导出这么天马行空，这么宇宙爆炸般精彩的好电影！读这本书的过程中，就像当年看那部电影一样，感觉全身的血液在血管中跟着探戈的节奏跳跃着前奏，腾空落地，滋养出遍地精灵，流动着无数个我在无数个平行宇宙中，因为春宵苦短，所以肆意挥洒着热情与青春，就像他永远在追求自己热爱的动画，永远不会被任何事物框住，永远接受一切挑战与进步，拥有发现未来并拥抱改变！《别对映像研出手！》也是2020年最值得一看的番，去看他明快精细，疯狂夸张，怪诞有趣的动画交响乐吧！
灵感迸发的每一天：汤浅政明的创作之路,弥西,汤浅政明 我爱你
灵感迸发的每一天：汤浅政明的创作之路,tata,个人作品创作谈，汤浅政明这种创作者，绝对是顶级才华和超群工作能力叠加，制作环节大多亲力亲为，从早期的行业前辈到渡边信一郎都放心让他发挥，这年头主流市场上能这样全方位掌控个人作品的创作者也不算多了，也怪不得个人风格如此突出，而且还不必担心毁原著，大概正因为这样，他也能不断接受新的挑战，以及不受题材限制，羡慕不来的。
灵感迸发的每一天：汤浅政明的创作之路,蜜瓜菠萝包,"要汤浅这段采访笑死了：（《春宵》放映后）但我自认为是按照森见老师的喜好去做的……森见老师做足了心理准备，怀着“好！无论怎样都要夸奖”的心态来参加试映会，最后却一句话也说不出来。我问他，怎么样？他只回答了“啊啊啊”。后来我听说，他说“自己的作品居然变成了这样，我被吓到了”。不过作为双担粉原作和改编都很满意。
感觉监督从头到尾很在意君名，是啦毕竟票房好到可怕，但比起规整精巧的新海诚，我还是更喜欢汤浅的流动与破天幻想。"
灵感迸发的每一天：汤浅政明的创作之路,牙山,每个人都是在创造着什么的，汤浅对这点的认识和强调很动人，也许这也是为什么在我心里，汤浅是离创造两个字最近的动画导演
灵感迸发的每一天：汤浅政明的创作之路,Sarah,汤浅是此生带我进入另类漫画&动画大门的人，《心理游戏》的重要性不用多提；这本书自然也是几年前就看过了。内容其实是在做每一部作品时候的小细节、小想法，一样喜欢高野文子、松本大洋和大友克洋，一样爱beatles、一样喜欢阿基多的恐怖片，别改《花男》了，gogomonster才是对的。这一整本书就是妥妥的《别对映像研出手》，他就是金森和浅草的结合体；不过关于《日本沉没》，本人是一点也不相信的，ok。既然咱已经离开科学猴了，再好好发自本心的做一些真正的作品吧。
灵感迸发的每一天：汤浅政明的创作之路,Dear Cosmos,"初识汤浅是七年前在一次地下放映会里看了《心理游戏》和《春宵苦短》，之后就回宿舍开始按时间顺序废寝忘食地补他的作品，我对他的第一印象就是最能彰显动画媒介特性和魅力的动画人。看完这本书我仿佛又重新认识了汤浅一次，重新回到了那些被动画惊艳的瞬间。我也是看完这本书才发现，之前对他“艺术导演”的认知是一种误解，汤浅的出发点只是“想要让大家看得开心”，以至于现在回想《露之歌》和《若与你共乘海浪之上》都有点《你的名字》一气化三清的感觉了。汤浅对动画的热爱来源于70年代日本动画名家辈出的时期，我个人认为他是最能把这份关于动画的感动传递下去的动画人，所以请大家多多关注多多安利他吧！
写了一篇公众号文章，就要发布的时候看见了汤浅新公司新作企划发表的消息，顿时感觉人生真美好。"
伦理与生活：清代的婚姻与社会,🧡勞小姐🧡,-_-资料太全了。上层男人牺牲妻女换取家族荣耀，底层男人典卖妻女换取钱财性体验。本以为拐卖、杀妻、童养媳已经够恐怖了，没想到还有溺婴（非男则溺，不溺则卖）、典妻（把老婆租给别人睡，甚至去军营做慰安妇）、寄肚（让老婆去给人代孕）、收继婚（兄死，嫂转嫁于弟；弟死，弟妹转嫁于兄）。当然在阅读案例的过程中，更多还是对法行脱轨的愤怒与无力（既已成俗，法不责众）。毕竟在这些案例中，被活剥生吞的基本上都是女人啊。
伦理与生活：清代的婚姻与社会,阿提卡的陆沉,上课间隙慢慢翻阅考完，颇为感慨，我就在想，我们如今的社会法律制定往往来自实证主义法学，而剥夺了古人所谓【政教】之义，《春秋》一为经书二位决狱之书，如今必然不可能。而社会大众的日常礼俗，已经被体制放空，不在政教之列，往往女性，家庭，小三，离婚等诸事件多为网友八卦热议，但是这背后的价值规范又为自由主义思想鄙夷荼毒。法的悬空与礼俗的自由，引发了一种渴望绝对物质现实的【谋算】，小红书上图文满天飞，在追求自由的爱的道路上其实反而永远得不到真正的爱，女拳又兴，男拳也是一言难尽，总之可谓满足了现代性的【混乱】，价值重建之日遥遥无期。
伦理与生活：清代的婚姻与社会,柳无益,非常扎实，用力极深。
伦理与生活：清代的婚姻与社会,努力学习的某喵,如此喜庆的封面，内容却是中式恐怖，小说都不敢这么写的...资料收集很强，老先生光地方志就翻阅了1500多种，佩服！全面考察清代婚姻，涉及婚姻社会圈、地域圈、婚龄、童养媳、入赘、妾、贞节烈妇、寡妇再嫁、出妻、婚外、离婚等方面。更多关注平民百姓，也指出清代法与行的脱轨，官方倡导的婚姻行为和民间一些行为的冲突，主要是道德伦理和现实生活之间的差异。看完这本书，谁不感叹一句大清亡得好啊...福建旧俗“搭台死节”，让自己女儿在众目睽睽之下吊死，然后敲锣打鼓去申请旌表、建牌坊，真的吃人！举几例：张姓知县三年挽救了上万女婴免于溺死；山西、河南一带管童养媳叫“豚养”，像猪一样贱养；亲爹和丈夫合谋把何氏当寡妇卖掉换钱；庄头垂涎佃户家5女，5女一夜间自尽；广西“寄肚”一说，租妻子生孩子...
伦理与生活：清代的婚姻与社会,广西师大出版社,绝版好书复活！25年后终修订再版！用大量婚书档案与刑案记录，揭露婚姻背后阶层与性别的压迫，解锁三百多年前中国人的婚姻困局。
伦理与生活：清代的婚姻与社会,蜀雪,写得很现实，寡妇再嫁、童养媳、典妻、拉帮套等等婚姻典例都有涉及。
伦理与生活：清代的婚姻与社会,多多看书,书中通过大量鲜活案例，还原了清代婚姻中法律、伦理与民间实践的激烈碰撞，既有士绅阶层的门第联姻，也有贫民为生存突破礼法的挣扎。
伦理与生活：清代的婚姻与社会,shiqi,聚焦婚姻的一部良作，从不同角度阐释婚姻相关的认知，让人眼前一亮，专业有独到的见解，读起来真的很不错
柏格森哲学词汇,拜德雅Paideia,原典引证与批判性分析并重×兼具工具书与思想导读功能
地出：人类初次看见完整地球,美味蟹堡,地球全景照片在某种意义上也是一种“传统的发明”。当代人早已司空见惯，但从六十年代的“地出”照片算起，不过短短几十年。几十年已足够人类忘记当初的震撼。回望“地出”，像是世纪初的小朋友第一次去麦当劳点餐，小心翼翼，又心潮澎湃。
地出：人类初次看见完整地球,于是,为什么一定要距离那么远，人类才意识到地球是一个整体？能拍出高清地球全景图的人类，至今还在为诸多“界线”争战，实在可悲。
地出：人类初次看见完整地球,羽木,“地出”或说“地球升起”的景观是上世纪航天活动留下的最重要遗产之一。从他者的角度观照自身，所谓“全球”真正开始有了实感。
地出：人类初次看见完整地球,深夜球迷,3.5眼见为地球村，继续打打闹闹。
秦帝国的诞生,秋山雪見🍁,首篇渡边英幸以夷夏形成角度出发阐释，认为秦的扩张是沿着「霸王」的中心-四周的「封建」路线和划分内外他者的路线双管齐下，最终在周天子世界观解体以后继承了周的地位，但「内外」的划分也导致这种排他性特殊政策的快速终结。其后罗泰的考古经济论中规中矩，关注考古所见批量生产和个人消费的区别。吉本道雅的史记研究比较对胃口，虽部分做得偏书写（考察司马迁思想），但基于文献对于秦国夷狄论的再发掘脉络梳理值得一看。高村武幸的文书行政论虽然折衷了日本学界对商鞅变法的否定，但对县文书行政的推论还是没有结合作为军事据点的郡县前身。叶山的西方秦史前沿可见西人更关注「广」的时空对比及多学科研究，这方面与东洋学迥异，虽有新意，也容易做空。附录一篇以城市化程度切入的不失为一种视角，问题却也在于考古发现的不足导致样本对比的失衡。
深入野性蒙古,一丢丢可爱,"#还记得内蒙草原的祝福是：长生天保佑，祝君一生自由。祝你祝我祝大家！
铅灰色的云层在纸页间翻涌，将都市的喧嚣撕开一道裂缝。作者用手术刀般的笔触解剖草原生态链时，我听见了鬣狗喉间滚动的低吼，触摸到白桦树皮下跳动的年轮。这不是猎奇的异域画卷，而是对生命本质的叩问。
当GPS定位取代了牧民的星辰导航，当工业噪音割裂了草原的声波磁场，书页间蒸腾的露水正在质问：我们是否在信息茧房中丢失了感知世界的本能？蒙古包天窗上流转的银河，正以亘古的沉默嘲笑着现代人的傲慢。
这种野性不是文明的倒退，恰是人性最珍贵的返祖。在驯鹿瞳孔倒映的极光里，我找到了比社交网络更真实的共振频率。或许真正的探险，从来不是丈量未知的疆域，而是重新发现被水泥森林封印的生命感知力。"
深入野性蒙古,比格尔,感觉这本比《寂静的石头》谈到社会与政治的地方更多些
深入野性蒙古,筱雅edisayeah,夏勒博士在蒙古的考察手记，一如既往真实冷静，观察入微；这位游吟诗人也一如既往行走在广袤的荒野，与万物为友，同样关心当地的人民。
深入野性蒙古,素心人语-天涯,随着沙尘回归京城，周边的林地和草原的影响更加凸显。正如夏勒博士所说，“反复割草无疑对草场产生了不利影响。如果草场的年生产量被收割超过60%，它就会退化。移除覆盖在土壤上的草会使土壤变干，容易受到风的侵蚀，这将耗尽土壤中的有机养分。最后，草的根部可能会枯萎，无法获得被烤干的地表下储存的水分。饥饿的牲畜也可能把衰弱的植物连根拔起。随着草的死亡，草场将变成荒芜的平原，只有部分地方覆盖着坚强的杂草”。
深入野性蒙古,localita,出一本看一本，1989-2019的蒙古，其人其野生动物，书的作用就是给我们一个锚点，大草原上金光闪闪的鹅喉羚，戈壁熊，雪豹，还有时代变迁里的蒙古社会已经离我们那么远了。
深入野性蒙古,芙夷河,看完想去蒙古，就在6月底吧
深入野性蒙古,三联众读,《第三极的馈赠》作者的又一力作！童年经常在内蒙生活的小编读到泪流满面
深入野性蒙古,酸味棒棒糖,42页最后一行有错别字“马路”，根据上下文理解应为“马鹿”
深入野性蒙古,崩溃很久但不死,我们需要走入荒野。
深入野性蒙古,momo,不错
文化的故事：从岩画艺术到韩国流行音乐,Nelly.L,这本书的出版恰逢其时，在逆全球化、保守主义、以邻为壑心态高涨的当下，我们需要被提醒，恰恰是在开放包容的时期，人类文明迸发出了最强大的创造力。这本书也展示了我们时代真正的自由主义人文学者的世界观：在书写全球文化史时，不再遗漏非西方人士和女性做出的贡献。这本书还为人文学科的价值做出了有力辩护：“我们这个时代痴迷于技术创新，还承诺说解决我们最紧迫问题的突破性方案指日可待。但是，我们无法用技术方法走出当下最激烈的冲突，因为这些冲突基于身份冲突、利益冲突和对立信仰的古老问题。这些冲突只有在我们深刻理解文化历史的前提下才能得到解决，而这只能通过人文学科提供的工具来实现。”更棒的是，作者是一个擅长讲故事的人，他在全球文化史的芜杂线索中找到了串联其中关键的方式，并做出精彩深刻的总结。
文化的故事：从岩画艺术到韩国流行音乐,东林皆石,哈佛大学比较文学教授马丁·普克纳讲述世界文化简史：穿越文化史上的璀璨时刻，见证人类在拓展生存空间和发现自我时的巨大成就：肖维洞穴艺术、古埃及王后失落之城、古希腊戏剧、阿育王石柱、玄奘西行求经之旅、圆仁出使中国、庞贝古城南亚女神像、巴格达智慧宫、埃塞俄比亚众王荣耀、希尔德加德创建的修道院、阿兹特克图画书写、文艺复兴、启蒙运动、日本浮世绘、未来图书馆、时间胶囊、韩流兴起…每一个故事都凝聚着文化创新、冲突、遗忘与重生中的智慧结晶，涵括古今，扣人心弦
文化的故事：从岩画艺术到韩国流行音乐,凤九,“流行艺术具有多种功能，其中之一便是检索在某个特定时间的文化传播方式。”短视频、外卖的兴起，喜欢学韩语的kpop粉丝，世界各地《我的世界》玩家，文化借用何种媒介传播、流行，从而改变了人类认识世界的方式，是比哀叹传统失落更重要的事。人文学科始终在推动知识的全球传播，并对文明发展更加敏锐。
文化的故事：从岩画艺术到韩国流行音乐,特味小虎煲,人类为何需要文化，又如何靠文化理解彼此？在文化保守主义盛行的当下，这本书再次提醒我们文明因互鉴而繁荣的深刻真意。话说真的很适合和刺客信条联动啊！！
文化的故事：从岩画艺术到韩国流行音乐,Léon,从古埃及的纳芙蒂蒂王后到借鉴古希腊戏剧的索因卡，作者以高超的叙事技巧，将15个看似遥远的文明片段巧妙串联。书中那些文化的“中介者”——柏拉图、阿育王、玄奘等——让我们看到，真正推动文化前行的，往往是不同文明在相遇、碰撞时激发出的创造力。与其说这是一部文化史，不如说是一次追问：我们为何需要文化，又如何借由文化理解彼此？
文化的故事：从岩画艺术到韩国流行音乐,clément,在这批文化创造者的各种作为之中，关于文化的全新故事冉冉升起。这个故事讲的是跨越时空界限的相遇，讲的是惊动世人的联系与深藏不露的影响。这个故事不总是美好的，也不应该被视为美事一桩，但它是我们手上仅有的故事：作为文化生产物种的人类历史。这是一个关于我们的故事。
国家、社会与大学：1700—1914的德国,海韵,德国大学的崛起之路也是德国社会的进步之途，值得深思，更值得借鉴
国家、社会与大学：1700—1914的德国,金渂在努力,多读书，接着下一本
逻辑学通识讲义,ElongHu,错误百出，辜负了我对你的信任。光逻辑部分我就挑出9处错误来。
逻辑学通识讲义,等待麋鹿桃子桃,读完了，很有爽感，我也是能读懂逻辑学的人儿了！
逻辑学通识讲义,维希希图,如果配上练习题和参考答案就更棒棒了！适合给高中生看，通俗易懂；也适合给大学生看，如果准备考MBA考公考研。
逻辑学通识讲义,阿团和阿圆,"""读完全书再看热搜，每个爆款标题都自带谬误弹幕——'以偏概全！''滑坡警告！'比追剧还刺激"""
逻辑学通识讲义,nianlaiguodaoj,"诚品读到这本书，数学的部分略过了，只读了关于日常生活中可能会利用到的逻辑谬论，发现确实有很多事情被模糊了界限，毫无关联的两件事情被扯上关系来误导，比如不上补习班就考不到班级前三类似的 本身毫无关联的两件事硬拼在一起扰乱逻辑。还有受用的是抛锚效应，首先否定人：小明这个人不可信，不要相信小明的话。先否定人再去说后续的行为，听者就很容易被影响。日常中要做到对事不对人，也要警惕有没有被别人对人不对事。
有句话很有意思，就怕你学博弈论但对面的人也学博弈论，就怕你学逻辑学但对面的人不讲逻辑。"
逻辑学通识讲义,那是只松鼠嘛,开篇大写字母公式化的信息不易读和懂，中间讲谬误的部分也是生活防骗指南了，再后面一些会涉及数据图表分析，但也讲了局限性，整体理论性强，但也会穿插部分例证解读
逻辑学通识讲义,haitao.jarvis,前半部分的概念、符号、公式还是很多的，如果不是对逻辑学真的感兴趣请谨慎购买/阅读。
逻辑学通识讲义,momo,我最佩服吴军的是他能把这些理性的规律应用到现实生活中。本身纯粹的知识其实学过，比如高中数学和政治都提过这些，某些叫法可能也过时了。还有一些在形而上学导论的预备章提及过。以后有电子版了再翻翻吧，水分有点大，比数学讲义逊色。
逻辑学通识讲义,diawa,如果读书时逻辑学这么有趣就好了。AI现在能帮助人类提升逻辑思维吗？
逻辑学通识讲义,听雨,"这本逻辑学通识讲义""建议列入义务教育教材：中国人不骗中国人，但中国人常被逻辑漏洞坑中国人"""
逻辑学通识讲义,小未读书,一个逻辑学的入门教材
逻辑学通识讲义,Mew151,"刚看了一点儿，感觉书中有几处明显错误：
表 2-4，异或关系的真值表，当 P 和 Q 都为 T，P ⊕ Q 应该为 F
表 2-7，前提为假时蕴涵关系的真值表，明明前文刚说过：“前提为假，蕴含关系恒为真”。在该表中，P 和 Q 都为 F 时，P -> Q 应该为 T
表 2-10 的第二列表头，应该是：等价关系 （～P） <-> Q"
逻辑学通识讲义,阿拉丁神冬,逻辑确实应该作为通识教育来普及，看完后感觉逻辑就像功夫，两个字，一横一竖，对的，站着，错的，倒下；就是这么“简单粗暴”。但须知，在现实中逻辑不是万能的，功夫也不是。
逻辑学通识讲义,珞沐,不愧是吴军老师的书 ，读过阅读与写作讲义和数学通识讲义，很好看，新买了这本，很喜欢。
逻辑学通识讲义,小懒,"在信息茧房时代，这本书是送给认知免疫系统的维生素大礼包！
"
逻辑学通识讲义,江小江,"读完这本书，你会发现自己的三大核心能力直接升级。沟通时能直击核心，谈判更高 效；面对海量信息，能敏锐鉴别真假；遇到复杂问题，能迅速把零散的信息梳理成清晰的逻辑链条，分析决策更理性。逻辑学不仅是工具，更是认知世界的“显微镜”。

"
逻辑学通识讲义,纸鸢,逻辑就是讲道理的学问；通识是指该学科基础概念和思维方法；讲义则表明是一个循序渐进的思维过程。
逻辑学通识讲义,怀舟纵浪,真值表三处错误，不严谨，容易误导初学者，希望后期出版改正下错误
逻辑学通识讲义,青山,建议搭配《甄嬛传》食用：发现宫斗本质是大型逻辑谬误实景演练。
逻辑学通识讲义,暗冷,10、大脑的一场马杀鸡，文科生也读得懂。
到上海去,魏老师,《到上海去》里有当保姆、护工等中老年女性的生存困境，也有留在大城市的年轻人面对工作、婚恋的无奈。她们的共同点是，身上背负着农村的老家，被亲情所编织的网所笼罩，难以喘息。水笑莹用细腻、克制的笔触，带领我们窥悉了城市中那一张张被忽略的劳动女性面孔背后的故事。
到上海去,项静,喜欢这部作品中小人物短暂地“活”了一下的那种感觉。平庸普通的生活中，总有些欣喜和幸福时刻，因为他们的生活宗旨就是通过自己的朴实、辛劳获得一些幸福和自由。“上海”就像那个温情的花边，装饰在这些故事的周围。
到上海去,豆友3u5hxK6MTA,"就读过两篇，感觉能代表些作者风格了
《百年好合》配得上《上海文学》，写得别致。冥婚如此老旧，甚至不得一提，以此切入彩礼和婚姻很有意思，但感觉女主缺乏合理动机，结尾是“天降正义”的强行主旋律，发展也是更多是事无巨细的写细节，年轻作家的老毛病了
《洄游》说白了，就是客居城市的人归乡，“家”已无实体，但依然影响主人公，是城乡文化内在矛盾。这篇发在《萌芽》，《萌芽》喜欢推崇城市文学，这种缺乏“城市性”但又是城乡双重性的小说算不算城市小说，值得讨论
"
到上海去,疏狂,“到上海去”连结起八个故事，呈现了不同年龄、不同职业的女性在大城市与小地方之间的徘徊与选择。作品内部自有节奏与步调：有人向外奔走，有人困在原地，还有人在两地间游移、犹豫。这是我们都曾经历，或是正在经历的困境，在《到上海去》里，我看到了自己的影子，也看到了朋友、母亲以及更多人的影子。“上海”可以被替换成任何一个城市，因为“到何处去”，是每个人的生命课题，也是时代的课题。喜欢这样诚恳踏实的写作，贴近生活，关注日常，不浮躁，不媚俗。
到上海去,瓦片外婆,"《到上海去》是青年作家水笑莹的首部小说集。恭喜呀，小说家水笑莹。
我偏爱看苦情的故事，这部集子正合我的口味，前三篇《百年好合》《珠穆朗玛》《去迪士尼》堪称“中老年妇女三部曲”，中老年绝非贬义，时光赠予她们的，是无可奈何之后的豁然，从她们的视角出发，保姆、看护的生存困境与户主的城市光景于一体，这种“不被命运完全压垮的瞬间”戛然而止，似乎锁定了命运的喉舌。《鸟居》是我最钟爱的一篇，篇幅短小，富有温情，明明自己陷在运作流程中无法自拔，合租在狭小的空间里，却仍有怜爱给到头顶的鸟群，不仅“她”有，“他”也有，抛却俗世情爱与考量，抬头，我们共有一片天花板，也共有一片天空。"
到上海去,Elice,"阅读浅薄的我对于一个能顺畅说出人话的作者真的很倾心💗💗💗
整本书没有故意凹造的新词，没有让人云里雾里的意象，就是一个个文字，拼凑出我们和我们妈妈的生活。"
到上海去,鲸了鱼,渴望留下，又想落叶归根。
人性的深渊：吴谢宇案,吴醒醒,读过两年前三联的专版。当时震撼很深，这个彻头彻尾的悲剧是两个家族长久以来病症的集中爆发。吴谢宇当然是恶魔，但除此之外，更应该看到一个时代，文化，家庭环境如何形塑一个人。
人性的深渊：吴谢宇案,逍遥兽,"这个案子有时令我想起《罪与罚》里的拉斯科尼科夫，但更形邪恶。牵涉其中的人仿佛都带有先天的不幸基因，而命运把他们推搡到一处，在错综的、盘旋的关系里共同托举他们当中最有天分的那一个去往高处，仅仅是为了让他的崩塌更容易被看见，以便让局外人进一步注意到滋生那种邪恶的、盐碱地般苦涩的土壤。
在“死本能”与“生本能”的撕扯当中，他通过剥夺母亲的性命这一行为践行了前者，而他自己却勾留在了对生的贪婪当中。本质上讲这是一种巨大的卑鄙～"
人性的深渊：吴谢宇案,Kristine,欺负死者不会说话，丈夫出轨，儿子杀人，结果被害者死后还要被你扣上罪魁祸首的帽子，三联你好歪的屁股，整本书证言全来自男方亲属一面之词，尊重事实了吗？吴志坚婚外情，谢天琴独自抚养儿子，抚恤金一分没要全被大姑子拿走，书里却把吴描述成有情有义，谢反而凉薄寡情？作者你有多恨女人啊
人性的深渊：吴谢宇案,徐小肆肆肆肆,成为一个正常的普通人是要翻越时代、群体、家庭、自我乃至更多座“山”的、有时一步踏错就不再普通或不再正常了
人性的深渊：吴谢宇案,安里甘的方济各,事实都是有限的事实。除了当事人之外，没有人能够真正明白事情的真相到底是什么。记者们能做的，只是把自己可见的，一部分有限的事实记录下来，各种情况已经在记者手记写得非常清楚。从非专业的角度否定别人的工作，实属夜郎自大。非常不认可某篇书评“女性的深渊”的论调。既没有进行深入研究和广泛调查，又没有为这桩惨案带来更多事实材料，用个人的主观感受和自媒体的语言，否定他人几年的工作成果，是不客观的。
人性的深渊：吴谢宇案,momo,屁股太歪。推荐《吴谢宇弑母案背后——女性的深渊：生前被婆家吃干抹净，死后还要被泼一身脏水》
人性的深渊：吴谢宇案,yttrium,请写作者反复复习什么叫平衡报道，这些消息有多少从谢家而来，为什么要从现有的消息来源将谢塑造为这样一名女性。
人性的深渊：吴谢宇案,不需要昵称,不公正，不专业。无力分辨什么是“实”就别乱记了。
人性的深渊：吴谢宇案,美少女壮士,这本书屁股是歪的，在我看来最难的人是谢天琴（死者），被塑造成了一个性格古怪、有洁癖的控制欲强的中年妇女，谁曾想过，她也有过青春年少的时候，她曾经也是不愿意结婚的。
人性的深渊：吴谢宇案,陆玖零叁,对于吴的分析随着执行就此终止，受害者有罪论字虽然没明确写出来，但是字里行间流淌的对于谢的分析。“太苦了，所以性格上的缺陷可以理解” 仍然让人想要大翻白眼，本来期待一本非虚构《大象》。｜好笑的事来了：这本书一直强调谢如何“洁癖”如何不让朋友进家门，但是我刚刚得知她是有让学生上门补课的🤷什么概念？就是对于受害者的生活调查偏颇到了极点。
人性的深渊：吴谢宇案,多餘的人,评论区的女权真的是有点触目惊心啊
人性的深渊：吴谢宇案,苏联宇宙空间站,作者真歪屁股 都是大段的被害者的人生描述 好像她被自己儿子杀掉是她咎由自取 凶手就是一个天生犯罪人 有什么值得让人怜悯的吗
人性的深渊：吴谢宇案,吃饱了也不说,五星不足以描述之好。一个人如果不能直视自身的创伤，内心的病症会以各种带有伤害性的形式外化出来；一个社会如果不能直视自身的创伤，由此引发的恶果亦将会在代际间绵延，在几代人之后爆发。吴外公在反右运动中的经历，是这一切悲剧的最大根源。历史欠中国的知识分子们一个更郑重的道歉。
人性的深渊：吴谢宇案,不文,三联生活周刊2023年第29期，洁癖，遗传，隔绝，宿命，困境，是特别好的深入报道，多了第九章（秘密），人生实苦。
人性的深渊：吴谢宇案,泡利矩阵,并没有感觉作者把问题归咎于谢天琴的性格缺陷。这片土地本来就是一座大型精神病院，在我的视角里，这是在社会家庭发展史里必然会发生的事情，如同现在的学生跳楼已经司空见惯了。这里面的一个个人，就像绑在命运的链条之下，生下来就开始挣扎，比如谢老师，生在右派之家，那十年大健身运动她是怎么过的，有没有恨过她那右派的父亲，无从得知，虽然他们家是靠读大学得到了铁饭碗，但其实并没有发财，在90年代高速发展的机遇里，大批人得到了发财的机会，而这些人和在学校学习基本毫无关系，而他们相信的分数第一，和这几千年这片土地的价值观没有区别的，但是改革开放的机遇让认知和现实产生了巨大的差异。在这片土地，命运的链条是一直都在的，吴谢宇亲手砸烂了母亲的链条，还有自己的，愿这一家人安息
人性的深渊：吴谢宇案,色盲五题,能看到的非常有限，以至于读过之后还是如坠迷雾，不过这并不是记者的问题。吴谢宇那些情感高浓度又十分抽象的自述我更倾向于是一种谎言变量模型，文如其人这句话真的没有问题。
人性的深渊：吴谢宇案,Artemis,十万字追踪，从三代人两个家庭层层剖析，借北大弑母案来拆解一个时代的变迁。所谓命运，可能正是一个人在新环境里不断调试自我的能力。吴谢宇的可悲在于他的低社会化，他的可怜在于他无法直视自我主体，弑母是一种逃避式的反叛，他用极度卑劣的办法来对抗内心的荒芜。刚看到新闻的时候误以为吴谢宇是默尔索式的情感缺失，看完专版发现他其实是精神巨婴，懦弱是他的全部底色，直到最后他的自述都呈现出一种鬼打墙式的无能啜泣。整个案子最打动的我是没名字的马老师和女友刘梦，前者用最质朴的力量关怀谢天琴，她理解她，对她有着天然爱护。后者是14岁辍学后不断漂泊却又为了过上正常生活而努力挣扎的时代沙粒，她们在这案子里闪烁着星点光芒，她们也是不幸命运的主角。
人性的深渊：吴谢宇案,向亨伯特问好,比23年三联的专刊多了吴谢宇逃亡时期女友的采访和作者和学者的后记。在我人生的这个时期阅读吴谢宇的家族史和个人史仿佛在看我自己，不踏进深渊的唯一方式是凝视深渊。历史的创伤、社会的变化导致的教育体制等种种因素汇聚在一个普通家庭上，造成了一个小概率但不偶然的惨剧。我们和吴谢宇没有本质的区别，只有程度的区别，如果他是神经病，那这个社会就是个神经病的社会。
人性的深渊：吴谢宇案,䜓蔎,采访对象怎会如此受限，纪实文学成为了只记录一边的文学？令，评论区的男文青可不要再污染哪吒这个词了
人性的深渊：吴谢宇案,绝对精神世界,"从中窥见我们自己
两天读完了，大脑一直萦绕这这个悲剧。心疼，悲哀。我们从中看见自己。"
孤独的夹心是糖做的,JonasDipsy,画风可爱，制作精良
孤独的夹心是糖做的,文字打杂,i人式的孤独让人感同身受，是一个人内心最微小的热闹。
孤独的夹心是糖做的,猫猫,非常喜欢！是心动的画册！！
孤独的夹心是糖做的,覃清欢,每一幅画都是对生活本身的触摸。
孤独的夹心是糖做的,瑾瑜与我,感受孤独，是一种超能力。
孤独的夹心是糖做的,柒籽,这本书能…… 让你静下来，正因我们独自面对生活中的一切，我们才是生活中的勇士。
孤独的夹心是糖做的,理纱,体会到了生活的孤独感，但孤独并不孤单！
孤独的夹心是糖做的,龙文堂,会画画的人是真的美好呀，原来这世上有这么美好的男孩子！
孤独的夹心是糖做的,薄荷书影,六六画的太棒了，羡慕对生活有充足“微观体感”的人！
孤独的夹心是糖做的,yusu,想起小学的时候最喜欢买文具盒，因为里面可以装好多我喜欢的笔和橡皮擦。里面可以装满很多的故事。
孤独的夹心是糖做的,竹笑,很温暖很治愈
孤独的夹心是糖做的,hurley,感觉作者画里的主人公很幸福，有自己的一小块天地，有喜欢的书，各种小东西，温暖的夜间工作环境，可爱的小狗。可以吃自己爱吃的小甜点，可以和朋友一起去旅行，享受旅行。为自己工作，在自己舒服的环境下，努力生活，避开复杂的人际关系，真的好惬意。
孤独的夹心是糖做的,猪肝君,可可爱爱
孤独的夹心是糖做的,mo mo,"2025年第10本。
很有意思的小漫画书，作者的笔触和画风都很温暖。
这个世界上还有千千万万的人像我一样孤独地活着，想到这里，我便不孤独。"
孤独的夹心是糖做的,眯眯眼(｡◝‿◜｡),装帧排版都不错，就是脸有点恐怖谷效应
孤独的夹心是糖做的,铅笔噗,说  阳光照进房间，像是不请自来的客人，比喻得很奇妙
孤独的夹心是糖做的,小叶刘辛,只有深入探寻过生活的人才能画出这么治。愈的画面，写出这样温暖的文字。关于孤独，我们都能在这本书中找到自己的影子。
孤独的夹心是糖做的,听雨,欢闹易逝，烟花易冷，唯有孤独才是人生常态。这是一本能让人静下来的书，关于生活中的孤独无助，我们在书中都能找到自己的影子，那些治愈人的画面，温暖人心的文字，终将化为你前进的动力，成为生活中的勇士。
孤独的夹心是糖做的,✨流花影,脑洞源于对生活的热爱。
孤独的夹心是糖做的,六七七、,自由职业者的自由作品
怪女人和一座城,ཉི་མ།,和母亲共处相比，自洽才是难题。戈尔尼克重新定义了「怪」，难道异于常人就是怪么。真正的自由，不是成为别人眼中的怪人，而是把每个被称作怪异的瞬间，化为对抗「异化」的武器。在社交中见出的差异，看到了人类的多元，也为自我实现去掉多余选项。与其改变不了别人，不如成为自己。
怪女人和一座城,malingcat,一个左派可以在纽约过着什么样的生活？她毫不掩饰她的愤怒与批判，也同样不掩饰自己的消沉与迷惑。每天在纽约行走六英里，行走，观察，思考，一小篇一小篇又一小篇，就形成了这部小书。吐槽一句，中译本定价真不便宜呢，一定是太小众了。本书的动人之处在于坦诚，无论是对生存、友谊、财富还是性爱，没有布尔乔亚温情脉脉的那层皮儿，也不是纽约客那样的细腻丰富，就只是硬核——有胆识、不妥协、够强硬。
怪女人和一座城,♬ CaR,这本书比写母女关系那本更好。从散步在纽约街头开始，写观察，写思考，写朋友，写作家，写内心的矛盾、痛苦带来的慰藉和“拒绝被治愈的决心”。一切像是你向前走时相对向后流去的风景，清晰而缓慢地经过身旁。读的时候觉得一切就该这样，思想或者文字就该这样，像是作者在大都会博物馆面对古老埃及的女神雕塑，感受到“埋藏在内心深处的恼人语感再次流经我的手臂、双腿、胸脯与喉咙”，这就是写作的缘由。对于塞缪尔·约翰逊来说，在城市散步“让孤独变得可以忍受”；而对于作者来说，“我最不孤独的时刻，就是走在熙攘的大街上”。散步让人想象自己，让人争取时间，散步是我们这个时代的冥想，在永不停息的流逝风景中通向自己和自由。
怪女人和一座城,浪里青条,薇薇安·戈尔尼克，美国激进女权主义作家、文学评论家、回忆录作家，自我书写/报道的先驱作者(a pioneer of personal narrative/journalism)，现今90岁高龄仍笔耕不辍，在一线媒体上发表文章。书名中“怪女人”灵感来自乔治·吉辛的同名小说，生活在19世纪末伦敦的主人公罗达·纳恩毅然背离社会对女性的期许，在无限接近爱情、婚姻后，坚定选择单身，被贴上“怪女人”标签。城市，指戈尔尼克一直生活并热爱的纽约。戈尔尼克强悍、硬核且具柔情，她自称怪女人，两进两出婚姻生活，用工作和自由对抗不平等关系和社会规训。对友情、联结和孤独、挫败，她写得无比坦诚，一点不矫情。在本书接近尾声处，她写参加朋友的贝克特作品朗诵会，那些对存在、死亡的描写让我恍惚觉得也走进了现场、坐在那里。
怪女人和一座城,赫恩曼尼,一个孤独的人在城市漫步的散记，不乏灵光乍现的片段，整体结构和叙事动力却远不如《你为什么不离开我的生活？》。归根结底，活着靠的是一种精神的韧性：“我们，永远的大地行者，总是徘徊在破旧而奇妙的大街上，在陌生人的眼睛里寻找自己的影子。”“重要的是生存在这个世界上，姿势并不重要，只要是在这世上就好。呼吸是全部所需。”
怪女人和一座城,祁十一,太喜欢这位作家的书了！读到第一页就放不下。上一本《你为什么不离开我的生活》也是如此。关于身为“怪女人”的女权主义者，关于城市里的孤独、疯子、漫步、友谊……读完，整本书都是我做的折叠标记，太多让人触动的语句了。随手摘录一句：“如果你跟我和曼尼一样，不想占有物品，那只能说明，你愿意带着一种确凿的边缘感生活下去。”又或者：“在性事中，被对方钟爱的不是真正的自己，而是唤起对方欲望的能力。”
怪女人和一座城,陆钓雪de飘飘,19世纪，城市人群中有两位最伟大的作家——查尔斯·狄更斯和维克多·雨果。他们以各自的方式深刻地领会了伦敦与巴黎激增的都市人群的意义。狄更斯尤其理解其中要义。用余光一瞥行色匆匆的男人或女人，以一种只能看见对方半张脸、部分表情、少量动作的视角感受他或她的存在；接着必须迅速决定该如何见微知著——这给社会史带来了翻天覆地的变化。维克多·雨果和19世纪的其他许多作家都看到了这一点，他们也都明白，正如瓦尔特·本雅明所言，没有什么比人群更值得关注。本雅明写道，雨果敏锐地发现，人群“即将成为一种……已具备阅读能力的特定读者”，也即将成为那种“希望在当代小说中发现自己身影”的购书人，“就像中世纪的艺术赞助人想被画进画里”。波德莱尔是对本雅明影响最大的作家，漫游者的概念正是由波德莱尔阐明的：在大城市街头闲逛之人
怪女人和一座城,小兽,虽然我不是一个激进的人，但读到一个女权激进主义者写的文字还是很欣赏，欣赏那份我所没有的胆识。因为有对城市生活的爱，薇薇安写出了她眼中的纽约——大胆无畏的表达、模糊难辨的面孔，更重要的是在这样一个地方，我们更能看清自己，看清自己宿命般的孤独。在城市里，与陌生人的点头之交也会变得珍贵而有力量，当然，还有那个与我们有共同经历、一直不离不弃陪伴着我们的挚友。
怪女人和一座城,张华弥,再怪的男人女人在纽约这个地方都显得和蔼。比另一册Fierce Attachments更刻薄讽刺自省更具纽约气质。“我离不开的是话语。世上大多数城市的居民地住在历经数百年的卵石小巷里，这些建筑未经挖掘，只是一个垒在另一个的上方。如果你在纽约长大，你的生活就像一场考古，不是对建筑的考古，而是对话语的考古，同样是一个垒在另一个的上方，而不是彻底取代对方”。
怪女人和一座城,补特伽罗,纽约版《一个孤独者漫步的遐想》，现代城市观察的修辞术，比起剖析母女关系的那本，这本的笔调更加自信、从容，将无数个友人的面孔黏合成一个势均力敌的对话符号，就连孤独、愤怒之类的情绪也都信手拈来，太炫技了反而会感觉作者有一个不愿示人的自我，被她藏在了精心打造的语言的刺猬壳里。
怪女人和一座城,撒旦的表妹,怪女人和她的纽约城市散步随笔，又或者是戈尔尼和她的朋友莱纳德，两个抱持受害者哲学的人对生活的感悟。这本比上一本更好读，幽默、犀利、睿智，里面随便一篇都能挑出洞察生活后的金句，激进女权主义者的名号在她这里从不是反讽，怪女人也不是自嘲，是徘徊生活中维系的自我。
怪女人和一座城,blueshadow,这女人一点都不怪，只是缺乏连续性，但这不挺好吗？ 坦率的人都不连续。而缺乏连续性，也可以视为一种闪烁，很适合描写纽约街道的吉光片羽。纽约是速朽的，又是永恒的。因为它始终闪烁，难以预测。这是一个人和一座城的魅力之源。
怪女人和一座城,黎戈,好看。少了上本书的群像，这本将目光投向地理空间，在纽约的街道中漫步，和各式各样的人事相遇。安妮·普鲁曾经说地点是写作的缘起，你来到一个地方，然后故事发生。而对戈尔尼克，脚步带来故事，纽约是语言搭建的城，书里的人用语言搭建爱情和友情，相爱或离开：有个富人离开平民情妇回归家庭，作者去他家做客，发现他们说着自己听不懂的话，虽然是同城人。
怪女人和一座城,张震老婆（V）,题目更精确地可以修改成《怪女人和她看到的、认识的、想象的各种怪人与一座城》。不如《你为什么不离开我的生活》那样更聚焦更刺痛，我还是喜欢的，不乏金句（到这个年纪我还是喜欢金句真俗气），带着点儿对彼此都谅解的势利味儿和刻薄味儿，突如其来又会有些悲怆卡在了煽情边上。看了感觉我不太愿意和她这种人做朋友，但愿意偶尔见面互相观察取材（必须小心翼翼不让对方占到便宜，不是金钱上的，而是书写定义的掌控欲上的）。
怪女人和一座城,土星记事,像“怪女人”带你在纽约悠长散步，她机敏而自由地游弋在话语、情境、情感中，坦率交付出自己的心与脑，回忆起此生途径过的生与死，让现代生活流逝的碎片再次闪亮。
怪女人和一座城,几枝,"生活要么是契科夫式的，要么是莎士比亚式的。再读薇薇安·戈尔尼尼，我更加偏爱这本。
灵感乍现的城市漫游小记，碎片化的勾勒出城市和在城市中生活的人们，亲情、友谊、爱与性、婚姻生活。非常适合作为短途旅行的口袋书。
“极度渴望获取信息——只有工人阶级的孩子才会这样；那种能让足下大地归你所有的信息…..‘小时’的概念消失了……像小时候那样，几乎无穷无尽，它跟现在的时间截然相反：现在的时间总是稀少，总是紧迫，总是愉快心情的短暂标识。”“只知道自己不想要什么。我总有一颗眼中钉，我也总是觉得，等拔除了这颗眼中钉，我就能想想自己想要什么。等那颗眼中钉消失了，我却觉得心里空落落的。没过多久，另一颗眼中钉又来了。接着，我又开始一心想着拔除这颗。我一直没时间去思考自己想要什么。”
太贴切现在的快节奏生活了。"
怪女人和一座城,NSBetter,“纽约不是工作，而是一种气质”。能把工作转移到其他地方的人，或许本身就不属于这里。有的人就是只能在充满了他者的城市里，才能自在地享受孤独。戈尔尼克在这本短小的书中穿插描写了三种关系：她和母亲之间经常冲突、偶尔惊喜的关系，她与朋友之间充满多样深刻精神交流的关系，以及她这个曾经激进的“怪女人”，与这座能接受她所有怪异之处的纽约城之间的关系。对于戈尔尼克而言，纽约或许就像那个儿时迷人的朋友托马斯，拥有一种冷静、疏离，又充满包容的魅力。2025029.
怪女人和一座城,阿梦,那些发自真心认同并且接受异化的人认为只要削足适履就可以获得灰姑娘的水晶鞋，以及与之配套存在的身份、地位、权力、财富等等。所有人都可以凭此兑换他们心目中想要的位置，男人可以成为坐拥一切的世界的主人，女人可以成为集万千宠爱于一身的世界的宠儿。然而，谎言、洗脑、误认、错过...却将人推上事与愿违的位置，在此人们无限的往左或往右，相同带来厌倦，差异带来敌对；人们在批判他人时表现得真理在握，却在认同他人时表现得孤掌难鸣。
怪女人和一座城,四火火火火,薇薇安•戈尔尼克，一位高龄90岁仍不断写作的思想硬核女性，书名来自另一本同名“怪女人”小说，她独自穿行于纽约街头，在近乎碎片的时间里采摘思想的枝叶填补生命裂开的缝隙，一篇篇犀利幽默的文章吸引着无数读者，这源于她拥有智慧魅力，时时刻刻，碾碎的生活苦涩滋味都可以成为她笔尖的点缀，激情耗尽的阶段爱恋，与家人关系的若即若离，为女权事业付出一生的时间，她可以说是活得痛快潇洒，做人风趣偶尔也会讥讽，接受焦虑孤独与勇气并存，追求某种真正的自由与尊严，认可并拥有对自我缔结与结束婚姻的绝对权利，要为自己的道路去拼尽全力，做出自己的事业与成就，去获得自我认可的自信与力量，“她”不仅是一种身份，这是一种对于未知的自由精神表达，独立女性在城市成长、蜕变、衰老，漫游世界，窥见内心，奇怪女人是脱离世俗定义的一种小存在。
怪女人和一座城,乙左左,很别致的一本小书。“怪”女人指的是“法国革命后，每过五十年，女性主义者都会被赋予新称号，从‘新’女性，到‘自由’女性，再到‘独立’女性”，薇薇安的文字告诉我们，这样的女性有着独立的思维方式，在观察城市和他人的过程中，深入自我探索，寻找真实的自己。有趣的文本，富有洞察力，同时也可以是城市书写的一种方式。
如果种子不死：“纪德人生三部曲” I,Lamour,"“我已经感到饥渴，想要纵身一跃，重新跳进生活。”
"
如果种子不死：“纪德人生三部曲” I,黑猫白猫,"可以说是有点过于漂亮的精装本，这版翻译读起来也很流畅。对于自传本身，坦诚这个评价确实很精准，不像他的小说，纪德的自传读起来华丽的多，整个童年部分都描写的活灵活现，不时冒出像形容自己“混沌如蛆”这样诙谐的句子，但越读到后面，越在那种飘忽的叙述中感受到纪德对读者很坦诚，对自己却不够坦诚，或者说这种坦诚本身就充满了盲点和对权力结构的利用，暴露出他思想内部的矛盾，以及裹挟在阶级优越感和父权文化中的局限性。
纪德的布尔乔亚视角让他太受那个阶层的审美与道德体系的影响，哪怕他试图叛逆，也总在那个范围里兜圈。他追求自由却不愿被社会放逐，他的坦白始终伴随着一种挣扎，但我想也正是这种挣扎才让他写出对道德和宗教困境极致探讨的那些代表作"
如果种子不死：“纪德人生三部曲” I,阿提卡的陆沉,纪德多次表明内心同时存在着上帝和魔鬼。魔鬼是对一切既有制度、社会规范、宗教道德思想的反抗，上帝则是对这种反抗的约束力量。两者的较量让纪德心中的道德天平不时发生倾斜，呈现出复杂多变的流动性。1916 年一方面纪德好友，同为宗教叛逆者的热昂突然转归天主教，另一方面他深深地爱上一位名叫马克的少年，纪德在日记里热情地赞美他的美貌与品性，抒发着爱的激情，而纪德的妻子为此崩溃。在重重精神危机之中，纪德力图确证自己的宗教道德观和爱情观，从而确认自我，也向读者寻求肯定与认同，他重构了《路加福音》中耶稣向法利赛人讲的“浪子”故事，进而实现一种出于自我精神保护的【反叛】，然而矛盾之处即在于纪德还要为这宗教与道德的反叛寻求合乎社会道德规范的解释，于是只能制造出一个畸形的半成品，在自我罪恶的【忏悔】中寻【救赎】。
如果种子不死：“纪德人生三部曲” I,境川乱歩,如果从窄门到人间食粮到背德者让我对纪德有种偶像崇拜，这本自传中的生命线索则让我串联起它们而萌生一种亲实感。这样的自我剖析却几乎是冷静大方的笔调，纪德的直白就是他的破格。
如果种子不死：“纪德人生三部曲” I,倏,这本日记中纪德不断在说“我写的是我的故事，不是辩护书。”我感到只有一种诚实是刺破全部生活落灰的尖刀，对自我的诚实，只有一种真实，是在无数个回忆模糊的时刻，克制不住幻觉的到来的时刻，亲身回应，经由“过度的回忆”后再寂静下来，返回均衡！纪德的日记中回顾了很多对他人生带来影响的人物，老师，朋友，同学，亲人……以及到结尾处，母亲的死亡与离去，也看到了熟悉的作家王尔德的身影，在这些人物的穿越中，悉获人的这一生短暂、绚烂、拥挤又孤独，在和纪德不交集的时刻，又仿佛从他的文字中瞥见自己的瞬间。这本书简单、美丽，把人引向作家记忆的深处，又把你推出来，递给我一把人生的手术刀，去精准地化开“我的真实”！
如果种子不死：“纪德人生三部曲” I,阿季卢尔福,"纪德的自我相当顽固，并且他也试图对这种顽固做出解释。从《伪币制造者》回头看，他对所谓“教条”的反抗贯穿始终，总会把精神的完满作为最终的追求，然后他就一直孜孜不倦地解释什么是完满。
《如果种子不死》解答了我早期读他作品的疑惑，他在文学上迸发反抗激情，如痴如醉描写迷人的欲望，最终都会归于一种“沉寂”的原因：他本人一直在欲望与精神孑然分立的生活里挣扎，且坚信精神的圆满不被欲望所打扰。
但我看到的是，他的魅力不在于清教徒一样精神的反复提纯，而在于沉迷于世俗情欲时的狂喜。自转的第二部分大篇幅描述旅行与风流轶事，在欲望里他的自我终于挣脱第一部分的束缚，从琐事里上升为辩证的道德，自我在这一时刻显得更加固执。"
如果种子不死：“纪德人生三部曲” I,一一五六七,“纪德人生三部曲”之一，看的一直在想：纪德人生，在这本书里是带有回忆的纪实小说嘛？它的文学性超过了平常的传记等，却又违背了人生回忆的“时间线”，也违背了人生经历的在回忆录中的井然有序，或许阅读会觉得某些情节有些跳脱，但是在跳脱的地方停下来，这样的穿插同时也让纪德的某段时间内的叙事圆满，让不合理的感情在“后来者居上”时，得到了现实的合理…2️⃣纪德的文字带有文学式欲望的宣泄！，即使在这本人生三部曲中！带有欲望的表达，沉沦于结束后的满足，或者，用文字去纪念缅怀，尽管纪德标榜的“性爱分离”，却在穆罕默德的经历后，那种魔鬼般沉沦……这里除了欲望的快感，同时也让纪德陷入了怀疑，面对那种冲动，性爱分离，是可以的嘛？
如果种子不死：“纪德人生三部曲” I,焰鲤,"纪德最真实的人生自白，通过它可以看到许多作品的背景与灵感来源，理解他的小说为何总有浓浓的宗教韵味，却又背离宗教而行。
纪德成长在一个保守的家庭，据他自己所说，他的童年个性里就有着“浓重的黑暗”，从小表现出与其他小孩不一样的阴郁特质，而这份不同更加剧了他与外部环境的冲突。不被理解与孤立导致他更加叛逆，成年以后在行事作风和文字主题上也表现出了与时代流行趋势的背离。
纪德注定成为一个反思者，他反思自己身上的恶，也反思周边人和社会文化。但读者无法对他定夺，因为他书写一切真实，把评判的权力交给了“上帝”。他逃离了世俗意义的“上帝”，但那个真正意义上的不被玷污的上帝并没有消失。他为了书写真实不计一切代价，即便他的书写仍有时代与阶级的局限，但这种精神也是当今社会（甚至任何一个历史时期）极为稀缺的。"
如果种子不死：“纪德人生三部曲” I,地尽头,"读作家自传总是期待从中窥见他们的创作灵感来源：是什么培养了一位作家的敏锐与善思；他们以何种方式注视生活，又将目光长久停留于什么。纪德对自然科学和钢琴的热爱使我惊异，受清教徒出生影响的宗教观念也散落在作品中。《窄门》的爱情题材与《背德者》的灵肉思考都能在他的真实经历中一一找到对应之处。
不过正如他自己在其中所写：“本书致命的缺陷，也是所有回忆录的致命缺陷：能描述的都是外在表象，最重要的东西无形无状，从笔力所能掌握的领域遁逃。”书中的事实太多了，因此似乎反而远离了思想，往往显得琐碎，不及《地粮》有深度。此外还有他提到的，真正的顿悟因为太过短暂，所以在书写上只能占很少的篇幅——这种重要性与时距的不匹配。
这个版本的装帧真是非常美。被扼在手中的鸟，生命脉搏于其中跳动：如何克制恶的天性。"
如果种子不死：“纪德人生三部曲” I,鸡狗腿子,比地粮好读了不是一点半点！！！我果然不是散文诗的受众…纪德的这本自传好好看，直接让我对他的爱死灰复燃。
如果种子不死：“纪德人生三部曲” I,跳房子,"In 1924, Gide wrote，“my self is only the stage on which I function less as actor than as a spector, a witness.""
在这本自传里，纪德正是把自己比作舞台，而“我”是看客：看自己幼年热爱植物昆虫，看少年时身体羸弱、求学不顺。55岁的纪德常常跳出来跟读者“坦白”，哪里记不清了，哪里又不能不说，像一名导游，亲切有趣。在保真的还原背后，纪德讲述着去私人化的私人话（personally depersonalized）——重现自我的舞台上演的剧幕，和读者一起，清醒地再观看一遍。这些剧幕生动、鲜活、激烈，像海水掀起的浪花。但无论怎样，翻涌是纪德，岸也是纪德。装帧极美，翻译也美。"
如果种子不死：“纪德人生三部曲” I,深夜球迷,3.5直面人生。
如果种子不死：“纪德人生三部曲” I,燕晓小读,直面自己是最难的，特别是一些不被世俗认可的行径。作为诺贝尔文学奖获得者，纪德在这本书当中，通过自传的形式，讲述自己隐秘的双性恋经历，以及自己因为这样的心理而引发的种种人生经历。道德与现实，欲望与圣洁，他的写作手法细腻，注重对人物内心世界的挖掘和刻画，读来如同直接进入人物那充满矛盾挣扎的内心世界。
如果种子不死：“纪德人生三部曲” I,水木聿子,"纪德无疑是纠缠于反叛与道德宗教的永恒矛盾的人，但他始终立足于现实，依然会回到信仰中。也正是这点，让他能够洞穿王尔德玩世不恭背后的焦虑，不过正如三岛认为那样，王尔德没有认识到自己的矛盾，直到出狱后才明白自己的内在，而纪德则早已认清。
纪德没有背叛自己的记忆，但他的确是以自己长期以来的写作主题加工了自己的记忆。"
如果种子不死：“纪德人生三部曲” I,狗子在读了,读这本书之前，我其实只看过纪德的《窄门》，说实话，我对那个故事，只能是虽理解，但皱眉的状态….. 此时，我读完了这本他的自传，好像对他，更明白了一点儿。
如果种子不死：“纪德人生三部曲” I,陶鹿家,望野出版纪德“人生三部曲”的第一部《假如种子不死》为精装文库本，蓝色布面压花，三面鎏金刷边，如此精致印刷如同纪德颤动的内心，而封面上手指捏住展翅欲飞鸟儿的指爪，似乎在告诉我们，我们每个人都是挣扎在“窄门”内外的朝圣者与反叛者，写尽了信仰欲望间挣扎灵魂的纪德，如今他的文字依旧是我们凝视深渊的镜像和精神参照。
如果种子不死：“纪德人生三部曲” I,这你也信我呀,5.4 “我是个需要对话的人，内心中的一切都在不断冲突、对抗、无论多么想忠于事实，回忆录永远都只能呈现一半的真实，因为一切都永远比说出口的更为复杂。或许只有在小说中，才能更贴近真实。”第一本纪德。情感上大开大合，笔触反而是冷静的，惊讶大作家写回忆录时竟记得小时候观察过的一只虫、某次情愫喷涌还有太多细节。
如果种子不死：“纪德人生三部曲” I,Wanderlust,纪德用比喻不是为了掩饰，而是为了更好地展示真实。比起之前读的两本小说《窄门》和《背德者》，更喜欢这一本自传，也可能是阅读顺序和体裁的差异，小说带来疑问，自传带来线索。顺便夸一下翻译，读起来流畅舒适，而且虽然做的是精装，但大小合适，挤地铁的时候正好放在兜里，免去了安检的麻烦。
如果种子不死：“纪德人生三部曲” I,ee_：,首先，美不胜收的装帧。纪德的真实可爱铺开在对久远的琐碎追忆中。“我再重复一次：我那时还在沉睡，就像那些尚未诞生的事物一样。”我想这是每一个或多或少在某个层面晚熟的少年少女身上曾有的感受：有天，想着“天空太狭窄而树木太高大”，从而走入心灵的死角。
如果种子不死：“纪德人生三部曲” I,且向书山深处隐,“如果种子不死，就会在土壤中留下，许多以往的果子未完成的东西”。而诺贝尔文学奖得主安德烈·纪德，就将种子埋藏在这本自传之中，特别是那些青春的回忆以及他勇敢向世人坦诚的内心。穿越孩童与少年时期，即便家庭对他有着深刻的影响，是禁锢、束缚，但他的内心一直为自己不断争取着自由，更是在不断逃离对他充满支配的家庭，拒绝任何教条的过程中令他对现实的矛盾充满认识。在整个书写的过程中，纪德运用了巧妙的笔法，详实具体又不失生动，吸引他的也总是那样特别，我们能感受到他从外到内的变化过程，当然炙热的生命也曾留有遗憾，但他都将这些视作珍贵的回忆，因为他走向了觉醒，勇敢的追寻真实的自我，更是敢于将内心以这些文字剖给世人去一探，也像是将种子撒向了更广阔的土地。
少女中国：“女学生”的一百年,之暾,看这本书的时候我总是想着这两年图书出版和各种领域的意识觉醒；先锋的思想教给年轻的女孩们独立和自主，却没告诉她们实践的路径和退路。
少女中国：“女学生”的一百年,本澄清,太好了，但读完很无助。需要一起斗争的时候就松松绑，飞速发展的时候平等的假象就被抛掉，一切较为明朗的自由来源于艰难时期男权对于暂时同盟的豁免。女学生的一百年，其实就是作为同盟被团结与利用的一百年，被凝视的地位从没被改变过。
少女中国：“女学生”的一百年,阿阿阿阿阿潘,很喜欢作者对我们本来以为已经很了解的关系进行的进一步挖掘，例如鲁迅拦着许广平不许她上班；沈从文表白张兆和其实充满自恋，甚至根本没有想真正了解对方；张爱玲被胡兰成出轨之后，关心的是第三者是母亲心中“理想少女”形象而自己不是……微妙的人际关系背后是男性中心的启蒙。女学生看似有自我决定权，到头来只能成为“被爱的少女”。
少女中国：“女学生”的一百年,阿提卡的陆沉,滨田麻矢，神户大学研究生院人文学研究科教授，上个世纪曾留学北京，与陈平原藤井省三联系密切，这本书是她于2018年提交给京都大学的博士学位论文的节选版。女学生：「有教养的少女」，一个近代以前不存在的群体。离开生养她们的家庭，迈进可谓是「期间限定乐园」的学校的这么一群女孩子们，受过高等教育的少女们，对于自身的未来是怎样思考的呢？离开生养的家庭并找到在这个世界上属于自己的某个位置的冒险，女校出身的作家们是如何描绘的？男性作家又是如何观看进而描写的？这是作者思考的问题，而宋明炜论述「青春成长小说」的诞生与国家层面的文学运动之间的关系，促使作者把「青春成长小说」这样一个主题与「女学生叙事」结合起来，形成《少女中国》，部分内容已经以论文形式发表于大陆各刊物。
少女中国：“女学生”的一百年,ANewOldDay,外行看热闹。全书没有特别出彩的地方，但通读之后非常能体会到“此种有真味”的余韵…一种被嚼碎了读的畅快。读的时候常常卡一下然后反思…“我是我自己的！”女学生们接受这一套叙事的时候，另一个问题随之而来：“我是谁？”于是在整个二十世纪不管是被动/主动参与与选择自己的生活，仍旧是男性凝视与分割下的结果。对日治时期及战后台湾的女性也有更多了解。不过好想看到20世纪中国女学生、参与革命（贺萧，2022）之外的更多写作，并为此欢欣鼓舞。（或者看到博论原版哈哈哈～）
少女中国：“女学生”的一百年,Claude.,购买这本书完全是受到淘宝大数据的推荐，当看到“少女”一词担任了“中国”的前缀，我首先产生的是一种不快感。“少女”这个词，在许多时候总是处于一种被凝视、被投射幻想的糟糕境遇中。翻开序章，才知道作者是想将“少女中国”与“少年中国”相对。在八章正文内容里，最喜欢第一章和第八章，有时可以说是读到了心潮澎湃的地步。在作为过渡期的“女学生”阶段，女孩儿们有机会建立一个不受异性恋文化控制的乌托邦，但在毕业后，这种共同体很容易就会被拆散。一度为了好友恋爱而心痛、为了同学结婚而惋惜，我的心情在这本书中得到了贴切的描述与阐发。后记中提到了孟悦和戴锦华说过的“木兰只有两条出路”（从军与归家），作者的这篇博士论文是在“暴风雨一般的育儿生活”中完成的，这应该也算是她在平衡从军与归家这两个极有限的选项时所做出的努力吧。
少女中国：“女学生”的一百年,耳環超美余老濕,日据台湾时代女学生们的那一章对我很有启发。日本的“少女研究”已经非常成熟，读来发觉两地少女们的处境有许多共通之处，归根到底是一种介于幼女和人妻之间的游离状态，既接受了新式教育，又被成为“国民之母”的责任裹挟。但台湾的少女们除了那“半新半旧”的身份外，还有一层摇摆在大陆人与本岛人，中国人和日本人之间的身份。这种拉扯与割裂，只能由女性自己书写。
少女中国：“女学生”的一百年,巴斯光喵,“我是我自己的”吗？中国女学生的时代冒险，她们在用自己的生命经验回应这个问题。有时候学者们看起来是在发现学术新问题，不如说经由存在的文学和历史去探究和剖析自己生命中秘而不宣的生存体验。
少女中国：“女学生”的一百年,lotophagi,想把凌书华的英文小说《古韵》找来看看
少女中国：“女学生”的一百年,Nelly.L,“女学生，即‘有教养的少女’，是一个现代社会以前并不存在的群体。她们是离开原生家庭之后，迈进可谓是‘其间限定乐园’的学校的一群女孩子。”“拒绝包办婚姻之后，中国少女的故事不外乎讲述了从‘父家’出走后如何找到下一个栖身之所的冒险经历。虽然这个‘栖身之所’有时是‘党’和‘祖国’，但基本上忠实于‘和相爱的人组建温暖的家庭’这个浪漫恋爱的意识形态。因此，许多女性版的成长小说都是围绕异性恋展开的。于是，无法凭借自己的力量‘软着陆’到‘夫家’以迎合家人期待的少女们，只能被动地喊出‘你要我怎么样呢’的疑问。”
少女中国：“女学生”的一百年,桑陌的核桃,可能因为大众出版有删节一些论点有点失色，材料量和对比阅读都很棒。开端的问题仍是翻译：为何Young China会译作少年中国？少女的中国在哪里？中国的少女去哪儿了？发散其中的文本细读，或许可问的是：如果新青年的诞生基于女学生的牺牲，这是否意味着先有少女中国，再有少年中国？是否可以说，是少女的革命，倒逼了少年的革命？作者也是张爱玲的译者，将《五四遗事》翻作中国が愛を知ったころ（当中国知道爱/When China Learned of Love）太妙了
少女中国：“女学生”的一百年,如虎添毅,毕业季看“女学生”的书，十分应景。脱离学校这一真空地带，人生面临新的身份转变。还好现代女性的选择，不再只有妻子/母亲的单一身份。学生时代不再是由父权向夫权的过渡时期，而是真正可以把握自己人生的预备积累阶段。
少女中国：“女学生”的一百年,晚睡不提醒,副标题不知为何要删去“书写”，“女学生叙事”和女学生关于自己的叙事才是主题，关于走出学校以后的异性浪漫爱幻灭倒无甚新意而且戛然而止，对革命与爱情的纠缠也不敢过多触碰（原作第六章被删去，涉及的左翼作品也只是在重复革命对爱情的纯化，虽然关注到了女性同志的惺惺相惜），但评《古都》和《同学少年都不贱》的两篇将那种“我不是你我又可能是你”的同性情谊细细择选出来，这才是没有少年的又始终处于少年阴影下的“少女中国”。
少女中国：“女学生”的一百年,Irene_Wang,“中州盛日，闺门多暇，记得偏重三五。铺翠冠儿，捻金雪柳，簇带争济楚。”在阅读时就几乎可以想到，这些文字将如何不被这个学科的“主流”接纳，而又有多少女性读者，会和我一样在正文和后记中获取坚定的力量和答案的方向。“少女”在一百年中被赋予爱的勇气，同样不止步于异性的浪漫爱，作为这一性别面对一切巨变的源泉。教育娜拉要有经济权的鲁迅可以要求许广平不去工作，真正的“凤凰男”沈从文不直面书写女学生缘于内心隐含的自卑。从陈衡哲到朱天心，（琼瑶不也是一种延长线吗，《窗外》内外，都是女角色、女演员、女作家至诚至勇），她们比我们走得更远，仍不忘记记录这宝贵的一切，以少女的方式。可与《五四婚姻》《独立与归属》同读，也许今日所谈论的，某种意义上仍不超过一百年前的姐妹。
少女中国：“女学生”的一百年,晩圆,“少女”作为一个现代发明，指的是介于幼女与人妻之间的“有教养的少女”的阶段，本书关注的正是这样一个近代才出现的群体在现代中国经历的“爱”的冒险，尤其关注的是女学生在“有时限的乐园”中的故事。部分章节读起来并不算新颖，只讨论“浪漫爱”和“同性情谊”似乎视野有点不够开阔，不过把许广平、杨天鹤、朱天心等人纳入讨论，的确是中国现代文学不常涉及的视角。读到后记意外有些感动，作者讲述了作为日本学者的经历，写到投稿截止时间前要去保育园接孩子，在繁重的职业和育儿生活中常追忆在北大留学时“一天二十四小时都完全属于自己的学生时代”，或许才理解“少女中国”、“女学生”如何成为作者的选题。
少女中国：“女学生”的一百年,新京报书评周刊,日本学者滨田麻矢通过考察20世纪小说中描摹的中国少女群像，试图让“少女们的中国”这一长期被“少年中国”阴影所遮蔽的文学叙事模式浮出水面。所谓的女性成长小说往往并不像男性成长小说一样描写“向上发展”的模式，而是表现出女性根据社会的要求“向下低垂”的过程。在彼时（男）青年们被鼓励面向世界计划自己的事业、为促进国民国家发展而竞相奔走时，（女）青年们则被要求承担起治愈、鼓励他们高效战斗的这一社会新角色。当恋人背叛自己又或爱情枯萎之时，女主人公们只能承担起“选择这种命运的正是我自己”的苦涩责任。从这个角度而言，与其说她们“自己选择了爱情”，毋宁说“陷入了必须选择爱情”的状态中。这些不同的叙事文本在百年后的今天仍然启发后来人思考，当女性在谈论“独立与自主”时，究竟指涉的是什么。
少女中国：“女学生”的一百年,NadineinAutumn,好看到一口气读完了。很好的导读，对王安忆兴趣都起来了，很多题材老作家们都写过了啊。内容很丰富，比如我第一次知道陈衡哲也写点小说。语言上哪哪儿都对，看着还不累人。不过一想也知道有删减，对李翊云的介绍根本没被获准展开。
少女中国：“女学生”的一百年,生擒蝴蝶花间,隐隐赠书，感谢。二十七日下午在高铁上读至朱天心，二十八日凌晨读毕。全文新见不多，可圈可点在文本细读上，然即便是这一点，犹不免觉得还有未说尽处。可是终究动人。如果读过柄谷行人，大概能够牵连起更多的东西，排上日程！
少女中国：“女学生”的一百年,喵刀,很有启发，尤其是对比一直以来深深影响到我的各种少年成长小说和各色青春小说，各自对于一种叙事衍生而出的幻想，《在轮下》的最后以主角回到“现实世界”的一次失足结束，而另一边，在汤姆索亚历险记的结尾，马克吐温写到“但是写少年，作者必须在最合适的地方停笔”，不去写作结婚之后的生活是“明智的”。“这是我们能够跟随xxx走到的最远的地方”，一个称谓的转变，从少/孩到人，但是读者们的人生不是成长小说，他们在受到一种教育与鼓舞后需要面对的是从这到死亡之间的所有时月，本书的作者的确挑选了许多人的回望之作，与她们学生时代的文字并置，在那种写作之前，词语与现实之间的关系，可能是一个需要多数人去经历的谜团，也可能是知晓但无能为力的玻璃庭院。
少女中国：“女学生”的一百年,初晨,感同身受，心有戚戚。
相反的人,愚木混株,虽然丁哥痛失本名有点遗憾，但还是想给五星。喜欢，推荐。
相反的人,烧酒哲,读的时候大笑了好几声。把四格漫画读完是一种有意思，看到标题多出一层意思，看到人物的一句话感言又多出一层意思。笑声就诞生于这些呼吸的空白之间。
相反的人,Dora,虽然在luran的公众号断断续续看过小反的故事，但拿到书的时候，又收获了另外一种阅读质感（装帧印刷做得真好）。整体性更高了，越往后读越有意思。ABC书展时认识的luran，没想到四年后她和好友所在的公司一起出版了自己的第一本书，的确也算是奇遇时刻。
相反的人,托尼瀑谷,非常有点东西，感觉作者前途无量
相反的人,章昕颖,午间，把自己的折叠躺椅，从工位搬到了校园的大树草坪上，并偷藏在角落里，中午就会来树下躺一个小时，躺着翻完了这本四格黑白漫画。真好呀，小反，这个意识到自己与周围规则格格不入的屁股脸人，所经历的春夏秋冬，所经历的自我破碎、挣扎、破碎、重建，就像在演我的某些生活片段。密密麻麻那一个四格真好。“从前，我心中密密麻麻，脑中空空荡荡，此后，我脑中密密麻麻，心中空空荡荡。”“我在人生的道路上积极地奔跑，突然感到一丝异样……心情随即忧郁了起来，也不知道到底是怎么了。”
相反的人,存在的安然,很棒！infp走出生活屎坑的真实写照，不是切片式的无比呻吟，从第一章到第六章，是一段表面寂静内在壮阔的自我革新的旅程，nf型看到肯定会会心大笑。
相反的人,Phihead,“如果生命的尽头只是一场人人出席的终极派对，我更愿意在路上多花些工夫” 谢谢陆冉的书，文字太好了，“相反的人”都会深有共鸣
相反的人,颖川,没有想象中的力量
相反的人,有邻,很随性的四格漫画，工整，但是创意和哲思不是特别多。还有几个问题——每篇作品为什么非要配文字呢？除了几段引用名著的话，普遍都挺俗的。四格漫画为什么非要跨页印刷呢？为了凑够200页，定价46元也是够拼的。
相反的人,闻夕felicity,"①是我本人。②等不及给我的旁友看了。③一边看一边发出了杠铃般的笑声，同时心底隐隐作痛。也同时担心自己和作者的精神状态，会不会仰天大笑出门去、然后有天变成Richard Cory, one calm summer night/ Went home and put a bullet through his head."
相反的人,宫保鸡丁,画面和对话看起来特别简单，但是寓言感和那种扎入你心里的共鸣感特别强，正着看想笑，反着看想哭。看后记里面作者写的话，她的作品是真的从疼痛的生活经验里挣扎着提取出来的，又坦诚又有勇气。买了几本送给朋友们，大家纷纷表示“这不画的就是我吗！”，很难想象这是作者的第一本出版作品，有点太厉害了。
相反的人,一起散步,是关注很久的博主画的漫画，知道的第一时间就买了，简简单单的，读起来会有会心一笑的时刻，“原来我们都是在这样思考人生呀”的感觉。更期待网络上发布的那些每周合集能够出版出来，特别喜欢画里的那个女士。另外这本书是可以完全摊平的，手感也有点点磨毛？不太懂专业术语，但是特别喜欢，读起来摸起来很舒服，这大概就是纸质书的魅力！
相反的人,廿一世纪狸,橫向四格漫畫，右下角傷感雞湯。自己躁期和鬱期能對應到某些人物和某些對話，喜歡雪人的部分，最後一部分怎麼突然走向自我和解了…I just can’t
相反的人,丁卯晨泓,我爱这世界，虽然碰巧发现了这个世界的一些秘密。
相反的人,于了个鱼,似乎每个人都可以从书里看到自己。
相反的人,门柱,西海之声 《和陆冉聊聊她「不对齐」的三部独立漫画》https://www.xiaoyuzhoufm.com/episode/6413e1efe09878c2b1363e8b
相反的人,苏丽珂,轻得过了头
相反的人,锐利修蕊,有点毒鸡汤，有点混不吝，但生活给予我们什么，我们选择接受什么，顺水而为，不为“反”则为“反”。
相反的人,Catherina,"小反在六之前的一些状态和我以前有点像。以前我也梦到过世界末日，当时我开心地等待它的到来，结果中途出现了差错，我还挺失望的，“我们又要开始面对自己的生活了。”
能relate，但很淡（之前看过印象很深刻的是《我心里有个小小人》）感觉不少只是句子和画凑在一起，没什么感觉。
无奈的调侃中带有一些轻快，“人生也许没有任何意义，一切都是偶然和巧合”或许这也是应对生活的态度。
“如果生命的尽头只是一场人人出席的终极派对，我更愿意在路上多花些工夫。”喜欢这句话。"
相反的人,苏鹏,参加今年一席杭州现场活动时入手了一本签名本🤩
明清士大夫的“书籍之交”,髯,选题颇新颖，为文略肤廓。
明清士大夫的“书籍之交”,杨致舜,浏览网传目录简介，以为是本闪亮学术界的著作；读完后，确实亮了，但没闪瞎我的狗眼。本书或因“拼盘”的缘故，重复性表述略多，且部分内容与主题关系紧密性不够十足。最大问题在于试图解决大问题，但仅用了些个案，比如第一章以为会是对明清书板的全面考察，但作者只是考察了《明别集版本志》中148条信息，也没有去考察版本实物。提及书籍之交，《以书为友》却用了大量丰富例子，作者也没有再细心搜辑更多案例。大篇幅的赠书，更多是对材料的分类归纳，分析得少，细致不够；没有大量的史料案例，显得单薄。由此怀疑，结论到底有多大的普遍性？许多概念，比如明清士大夫、精英、下层文人、坊刻和家刻、张潮刻书性质等等，仍需辨析。这本书并没有满足读者的强烈期待，不太比得上《四库全书馆研究》。
明清士大夫的“书籍之交”,张驴儿,角度新颖，对出版史研究开创新视角颇有助益。
明清士大夫的“书籍之交”,小学生,之前有看过相关论文，当时觉得写得挺有意思，所以新书一出就在淘宝上买了实体书，但是看完发现很多地方写得比较浅显，流于介绍层面的内容较多。
鬼笑石：全二册,麦田里昔日玫瑰,作为一直关注预售消息第一时间下单的老粉，从昨天拿到手开始读，今天读完之后好长一段时间不想说话……开始的部分是很“呼延云”的，非常详尽的案情描述，特别鲜明的人物形象和十分直接的社会现象揭露，还有类似凶宅中的古代笔记和空城计中的医院运行的“炫学”——本书的是大量那个时期的描述，和少量却字字珠玑的曹雪芹与红楼梦内容——这些都是很好看的，可以想象作者为此查阅了多少资料，所以当两本书最最后一小部分才开始进行推理和真相揭晓，觉得不够“过瘾”，【下有本书和其他书剧透，慎入】不是凶宅的惊险，不是扫鼠岭的悲壮，不是空城计的力挽狂澜，初读完甚至觉得这真相似乎不太配得上前面那么多精彩故事和厚重经历，再回味才发觉“xxx可以把x变成x”是时代不可或缺的注脚。
鬼笑石：全二册,舟亢,非常大胆的题材，可以看出呼延云老师在创作时已经不拘泥于用现如今的社会问题去填充故事的骨肉了，这次他将时间线拨回几十年前，写了反思文学经常涉及到的政治问题，还写得相当出色，全书共5卷，我最喜欢60年代和70年代所写的兵团的故事，每个人都生动立体跃然纸上，我一边读，脑子里甚至一边同步播放这些剧情电影般的画面，尤其是老三指挥救火的那段又燃又泪，光读文字就已经潸然泪下了。导致在90，00，10年代的故事，我甚至更关注兵团那些人的后续和结局，过去的故事方面在我看来是满分的级别。而现在的故事（案件方面）则更显呼延云老师笔力的强劲，悬念设计水平相比本就强得可怕的前作还要更上一层楼，至于推理部分，个人认为核心设计是《乌盆记》的升级版，最后40多页的解答篇回收了大量让人记忆深刻的伏线，我不觉得有人能猜出凶手。
鬼笑石：全二册,Septem,"“那她关上门出去后，又是怎么把插销销上的呢”？
“我看推理小说上说可以用钓线——”
“推理小说还写皇族血统的女大学生能指挥公安局长呢，那玩意你还能当真？”
———
作者的自嘲，笑死我了，哈哈哈哈。爱新觉罗·凝疯狂打喷嚏。"
鬼笑石：全二册,WCY123456,"有一定剧透，请酌情观看。高红军、精豆、疯子…我操nima爱心慈善基金会实在是太坏了，阎王爷能不能把这些该死的狗娘养的全部拉到地狱里去处置凌迟刑！推理部分，火密室与现代密室解答都是简单到可能让人有些失望的感觉，但仔细想想，前者符合正常人遇到山火会做出的行为，后者虽然简单，但确实能够传递出相关人员的情感。推理以伏线回收为主，有几个点的推理不错，伏线记忆度还是可以的。凶手的隐蔽度与人物塑造相关，可以说相当隐蔽
人物塑造上，高红军三人组可以说是极为鲜明，最后一卷三人的结局让我不停落泪；凶手对某人的情感让我极为叹息；主角团除凤冲之外都打酱油，但马笑中的出场确实能减轻过于压抑的氛围。呼延云真的可以说是华语推理作者的顶流之一了。最后，我XXX爱心慈善基金会！"
鬼笑石：全二册,新星出版社,呼延云全新长篇力作——历史深处的致命一击！三具尸体，引发二十年寻凶之旅。两起命案，追溯六十年风云变幻。一步闲棋，布下跨世纪未解谜局。“一真一切真，万境自如如”，《扫鼠岭》写一个人的命运，《空城计》写一群人的命运，《鬼笑石》写一代人的命运。
鬼笑石：全二册,冰冻の布鲁克,与其把他归类在推理小说这个类型小说范畴里，不如说他已经把多半只脚踏入纯文学的范畴内了，这应该也是呼延老师的野心吧（褒义）。宏大的时代，风起云涌，我很喜欢把文中的这些主要人物和时代比作武侠小说中的场景，他们有的侠肝义胆，有的固执冲动，很贴切。甚至为了异父异母的兄弟姐妹们仗剑走天涯，或者说把自己的毕生精力和目标都放在了这些东西上，这股侠气或者呆气真是当下时代所缺乏的信仰和精气神。由于表达的主题太宏大庞杂，堆积在我的胸口无法宣泄出来，也无法尽情表达。北大荒，知青，返乡，红楼梦，血荒，基金会，临终老人，失学儿童，每个社会议题都直扣时代的脉搏。全书纵观70-10年代，可谓是影响深远，总体是诡计流+叙诡，伏线埋得巨多巨深。最后林香茗说出的红楼梦理解：要把人当人真真的是全书的气口和灵魂，从推理和故事上都是
鬼笑石：全二册,凌烟,我觉得这是呼延云最伟大的一部作品。从头哭到尾。时代的摧折，命运的嘲弄，个人的悲剧。
鬼笑石：全二册,仧纼,诡计部分相比于前几作占比很少，但是凶手非常难猜。从《复仇》，《扫鼠岭》到《鬼笑石》，只能说呼延的这帮老同学从各个意义上讲也算是群英荟萃了
鬼笑石：全二册,玩偶山庄,"厚重，沉重，看哭了好几次。“把人当成人”其实是一件无比艰难的事。敬佩那批在那个年代付出青春乃至生命的人，也为他们感到遗憾。
2025-154"
鬼笑石：全二册,三秋,目前国推里应该没有本土化程度和完成度比这本更高的长篇了
鬼笑石：全二册,深夜球迷,5.0从最动荡的历史中汲取一些许可以说的内容，就足以酿造出最醉人的美酒。以此一书，呼延云坐稳国推总统山。
鬼笑石：全二册,夏洛克道尔,“满纸荒唐言，一把辛酸泪。都云作者痴，谁解其中味。”非常厚重的一部小说，42万字，有好几次都忍不住感慨。在这本书里，在某个时候，就隐隐约约猜出凶手是谁，但是无法拼出真相。只是可惜，三位死者里，两位实在可惜。
鬼笑石：全二册,南河,这本书，描写非常细腻，能瞬间把你拉入那个时间、空间，感觉就是发生了这么一件事情，作者如实描述出来了。
鬼笑石：全二册,青柑普洱树叶,呼延老师最好的一本书。一个完整的故事，抛开了所有的中二，加入了沉重的过去。这篇侦探推理社会学小说，堪称国产巅峰
鬼笑石：全二册,冷眼探花郎,呼延云不负众望，继《扫鼠岭》、《空城计》后，用四十余万字，写出了一部史诗级作品。在冰与火中历经摧折淬炼的兵团往事，在时代激荡中衰颓而惨酷的兄弟境遇，早已成为本书的主旋律。当结尾处，呼延云讲出那个放在推理小说中足够惊天骇地的真相时，我觉得比起那一代人的苦难遭际，震撼程度大打折扣。印象最深刻的是女兵宿舍夜读“葬花吟”，“一年三百六十日，风刀霜剑严相逼。明媚鲜妍能几时，一朝漂泊难寻觅”诗句一出，铁娘子如刘娟不觉动情，反复念叨“这书不好”。这一段，真是绝妙文字！从推理小说视角看，本书唯一的缺点就是篇幅过长；然而，谁能说这仅仅是一部推理小说呢？
鬼笑石：全二册,倾荡芝士已成,"看过最好的一本国推了 和最近的两本空城计，扫鼠岭想比文笔更成熟 和最初的五本相比没有了之前的中二
60 90 00 10四条线最终汇聚在一起虽然故事更偏社会派，但是推理也很本格逻辑严密，案子不算难，但是故事很感人"
鬼笑石：全二册,小新,力荐！一直认为呼延云是华文推理的领军人物！
鬼笑石：全二册,滕雅望,大成若缺，娓娓而至，不疾不徐，人物显真
鬼笑石：全二册,游伟,记得不确切了，好像钱德勒的《漫长的告别》已经被美国人列入经典文学，中国的读者似乎对此从未提出异议，我觉得，我们没有必要对中国的作家太过苛刻，《鬼笑石》完全可以被认为已经进入经典文学的殿堂。呼延云的文学野心在这本作品中暴露无遗，更重要的是，他成功了。
鬼笑石：全二册,bigboy077,呼延云老师已经是国内推理界大气层级别的人物了。
我们家：一滴水映照的历史,志愿九九,唯一缺点，封面没覆膜不防水，内容有惊喜，真敢写！
我们家：一滴水映照的历史,江海一蓑翁,海内外知名的顶级考古学与艺术史学者巫鸿跟同为资深学者的姐姐巫允明以对谈的形式完成的一部关于个人所在家族史的佳作。巫鸿的提问引导能力、上佳问题意识与一以贯之的口述访谈与相关史料档案文献互证的学术自觉，跟巫允明的强大记忆能力、细节还原书写与突出表达能力之间，构成了美妙而相得益彰的“化学反应”，共同贡献出一部有生命细节、有学术点滴、有时代烙印、有学脉传承的上佳家族史作品。堪称近年来国内出版的个人史类著作里、最优质的作品之一，非常值得推荐。
关于偶像，一边纠结一边思考,慢懒,迫不及待读完，好看，尤其是第四章girl crush概念分析、第五章带着性意味的观看是否构成性消费、第六章酷儿与偶像身份的兼容。作为追星人的纠结无法在一本书得到疏解很自然（比如本人最近本人“因为男producer导致追星热情锐减”这一纠结），对于偶像这一劳动身份的剖析较少涉及，也比较可惜。但关于追星的“情动”与赌博的相似性这一章是我读来最惊喜的：“‘追’偶像，就像是将赌注押在另一个人的‘无法挑回的时光’之上。”真是令人怦然心动的描述法（？）。读完越发确认近期的一个感受：思考追星的ethical choice甚至要比追星本身更有趣了。
关于偶像，一边纠结一边思考,Synchronicity,如果你自己有追偶像并且经常思考一些和偶像文化相关的问题，这本书只能说洞见寥寥，唯一有意思的是“赌博性情动”那一节。
关于偶像，一边纠结一边思考,Nelly.L,这是一本日本流行文化观察者的文章合集，文章质量有高有低，但我还是学到了不少东西。书中最击中我的观点是偶像带来的赌博式快乐：“观看偶像表演就广义上而言，既是为了建构对偶像的解释而收集素材的行为，也是对自己的解释进行确认的行为……像这样对个人魅力的享受进一步在时间上扩张的话，就会变成近似‘追星’的行为。选中一名偶像长期‘追’她/他的活动，便是将赌博的对象从偶像的‘个人魅力’扩张为‘人生’（事业或故事）。”
关于偶像，一边纠结一边思考,伊夏,一本由九位千禧一代（大约是平成世代出生的）研究者们撰写的流行文化小册子。一本“追星人”自反式探究的小合集。作为路好了太多明星的我本人，完全理解，追星可以是年轻人在婚恋之外，一片情感栖息的乐土。明星给人们提供的雀跃、激情乃至幸福，也很可能是日常亲密关系里远远提供不了的。“恋爱代偿”也好，“终生伙伴”也罢，只要不过激，“圈地自萌”将为我们的生活带来许多欣喜。
关于偶像，一边纠结一边思考,知意,虽然tomboy有歌词写到女娃想当单纯的I-DLE，这本书依旧巧合到让我震惊，5月2号女娃刚宣布改名，这本书5月发布的，水灵灵的作为了论据。 看到我开闭，乃木坂，女娃 红贝贝…作为偶像产业的代表来被做这种社会性议题的讨论，除了欣慰之外，还是感到有点小看她们了，作为被凝视的客体，她们深深知道自己的一言一行有多大的影响力和争议，依旧选择了在重重枷锁下为女性主义(有态度的做自己)前进了一小步。 适合追各种星(女性，男性，少数性别群体，虚拟人物，二次元)的粉丝看，可能能更好的理解自己与偶像之间的关系
关于偶像，一边纠结一边思考,李不撑,"在以男性为主导创造的话语体系里，如果不想使用原本刻板印象的的语言和把一切都归于商品化的逻辑，作为女粉丝应当如何理解自己的偶活行为？付出时间和经济成本，不是为了追求异性恋婚姻这个被规则强化的唯一“幸福”，却还是会反复面对“少女偶像，不就是在贩卖性幻想吗？”的质疑——长久以来只要说出是偶像宅，就时常遇到这样的提问。在这“偶像”界线模糊的时代，人人都在通过社交网络关注和被关注的当下，书里讨论的每个问题的意义都不仅仅在于偶像文化。不太想说“将xx作为方法”，但偶活当然也是我活在持续更新的文化生活里不会结束的实践。里面提出了很多问题，大多都没有答案。但这些讨论被发表出来，让我能在读到这些“既是'宅女'也是'女性主义者'的我每日的内心冲突”的每个瞬间都像在隔空握手。
很开心读完！明日も推しとがんばりき~"
关于偶像，一边纠结一边思考,Nijiuzuoba,还是写出了很多理智追星人痛苦的纠结，为了让偶像这门生意继续下去我们都推波助澜过一些“恶”，有时候很无力，希望美好的偶像和善良的观众都可以在这个过程中感受到的幸福更多一些。书本身的内容还是比较概括性，要顺着里面的reference继续读下去可能会收获更多。
关于偶像，一边纠结一边思考,stovegreen,在各式各样的饭圈语言下，能够直面偶像文化的问题，分享其中的纠结，显得格外珍贵。期待能看到更多更系统更深入地对偶像文化进行研究的著作。（好想看看韩国那边的研究）
关于偶像，一边纠结一边思考,鹿鸣之什,这本书最有趣的是这一段话，揭开了我心中萦绕已久的疑惑：一群二十出头的女孩子们朝夕相处，究竟会不会产生出真·爱情？——偶像的“禁止恋爱”并非不管交往对象的性别和性取向如何，无差别排斥一切恋情，说到底还是以异性恋为基准，对于异性恋以外的情感关系可能抱有一种扭曲的宽容态度。这也意味着，粉丝只在乎偶像是不是异性恋，对其他性取向则漠不关心(不过另一方面我们不能忽略，粉丝能够积极接受两人的关系，也可能是因为粉丝一路走来已经见证了成员之间的情谊)。——看来是真的存在过呀，希望我磕的CP能成真，获得粉丝们的祝福（一笑）
关于偶像，一边纠结一边思考,马戏团🎪,现在需要加开第十章：讨论下犬饲贵丈这种铁粉追到自家偶像谈恋爱的现象……
关于偶像，一边纠结一边思考,attanium,非常“前沿”，因为我一直在期待一本讲述当下偶像文化的书籍，虽然聚焦于日韩偶像，但确实为我打开了思考路径，偶像文化中的女性主义和情感资本主义都是值得思考下去的主题。
关于偶像，一边纠结一边思考,橙月亮,此书原本以为是对偶像整个群体的描述。读后发现这本书主要聚焦在女偶像群体，包括但不限于女性主义、酷儿理论、女性性消费、girl crush等话题，这本书的标题也很好概括这本书的一个特点，“一边思考”体现了书中的很多观点都非定论，里面的很多文章抱着开放和探索的态度去讨论一些话题，优缺点很鲜明，既有抛砖引玉、欢迎讨论、包容不同声音的的一面，也有过于表面，不够深入之嫌，喜欢的篇目有《思考追星的伦理》《“‘早安’拯救女性的人生”，这是真的吗？》（虽然对这个派系不了解，但不影响阅读）《试论酷儿与偶像》《如果观看偶像就像一场赌博》。这本书对我来说最大的意义应该是提醒我可以用不同的视角去看待偶像文化，作为粉丝，可以坦率承认偶像文化作为整体和其部分的正反面，明白一些现象的合理性和潜藏的危险。
关于偶像，一边纠结一边思考,珍宝珠,一边纠结一边思考，纠结的部分也太多了哈哈哈，追星的人可能会有很多共鸣吧。素材还挺新的，但个人感觉新女团里最值得讲的newjeans和xg没能来得及被加进去有点可惜。
关于偶像，一边纠结一边思考,cheekysoul,说实话不是很喜欢这本，除开非常微弱懵懂的女性主义视角之外，好几篇文章的论点也都有点混沌，和类似主题的《大众文化的女性主义》差的有点多，唯一的收获是对我这种纯圈外人来说倒是补了不少关于偶像的知识
关于偶像，一边纠结一边思考,月亮狗布鲁斯,感觉每一篇都是作为序言而存在，读之有种隔靴搔痒之感…
关于偶像，一边纠结一边思考,黄浦富江,“追星”过程中的这种“爱”到底意味着什么？我自己也想不清楚，但它确实能在某种程度上代替恋爱、亲密关系。我能从中获得力量、心动的感觉，很感激，很快乐；但不可否认的是我也在消费TA，也许无意间也凝视过TA；又或许我喜欢的只是“人设”，只是幻想中的TA的模样，也总有一天会不再喜欢。这种纠结的心情，在书中和作者们共振了。追星人会懂的一本书。另外，有关“禁止偶像恋爱背后的异性恋霸权阴影”的讨论很有意思，第四章“Girl Crush”让K-Pop人边看边唱了起来（不是
关于偶像，一边纠结一边思考,仓鼠饲养员,在看到这本书的名字时就毫不犹豫下单，是我作为“前追星人”一直以来都很感兴趣的话题，书拿到手上才发现和我想象的不是很一样：这本书是由九个人分别写成的九个主题所构成的合集，主题比较零碎，对于很多问题并没有进行直接的回答，更多的是一种不太深入的探讨，但是内容很是新颖，尤其是第四章Girl Crush概念化，很是喜欢。除此之外本书内容涉及的“偶像”多是指“女偶像”，如果能多些关于“男偶像”的话题就更好了，比如很多探讨的问题“禁止恋爱”“用性的眼光看待”也早已波及男偶像。
关于偶像，一边纠结一边思考,阿尔吉侬,看到目录就很感兴趣的一本书，追星er在看的过程中也觉得十分亲切。最喜欢讨论girl crush概念和酷儿偶像的两章，但也确实感觉到不同国家偶像及追星文化的微妙不同，不过挺有意思的，比如书中提到的“在一些社会中，即便表演和概念看起来很进步、很自由，但在表演之外对偶像的意志和样态有太多压迫；在另一些社会中，尽管偶像个人的意志表达相对自由并受到包容，但终究还是那些形式上更为保守的表演和概念更受欢迎。”不太满足的地方是，可能因为是九位作者的文章合集，受篇幅限制，总觉得很多议题都有种“点到为止”的感觉。
关于偶像，一边纠结一边思考,阿阿阿阿阿潘,看起来香月对偶像的定义“个人魅力成为享受的对象”【个人魅力+伙伴关系间叠加的魅力】已经成为了本书不少作者的共识。我个人印象最深刻的有三个部分：1.“拥有主体性的女性”作为卖点反而提高了作为客体的魅力。2.喜欢爱豆的心理机制类似于赌博3.秀恩爱的过程中突然插入司空见惯的暴力，这样的歌曲却得到了粉丝的喜爱，原因是人们正是在相仿的重压中生活，依赖他人重现了自己的伤痛。
关于偶像，一边纠结一边思考,一一五六七,偶像文化本质上就是一场异性恋霸权主义的文化，即使有偶像团体是性少数群体（这里一时之间找不到合适的词，首先性少数群体本身就由某种不合理成分在，但又不想在自己不了解酷儿文化下随便用这个词），在他们的参与发展偶像文化中，也是在异性恋盛行的机制中运行，不过，还是感谢他们的勇气，让性少数群体可以走到公众视野，让人们意识到，并不是只有异性恋………准确的可以说，偶像文化源于异性恋下的“假想恋爱”，“恋爱期待”…再这样的关系中，从偶像自身，粉丝，运行公司旨在服务加深，固化“异性恋主义”，尤其在偶像期间的“禁止恋爱”的规定……
妄想的悖论：维特根斯坦、施瑞伯与精神分裂的心灵,Yui Requiem,抓紧点时间一晚上就看完了。Sass毕竟是搞临床心理的，作为业余爱好者，我不太赞同取用一个纯纯的外部理论去解精神分析个案的做法，而且非德语母语者去做施瑞伯的文本分析，其结论我也要打个问号。如果非要取用外部解释，谢林对创世过程的描述以及老齐《自由的深渊》甚至可能都更精准一些。但书本身还是很好的，译文流畅，而且至少是一种理解知名个案的方式。施瑞博可能离制作出一些有效的纽结点已经很近了，他对“这里”的描述很容易让人想到感性确定性，但他终究没有机会把纽结锚定在疯狂的封闭系统之外。此外，求拜德雅考虑一下JEAN LAPLANCHE的Hölderlin and the Question of the Father，这本书对荷尔德林的分析真的不错
妄想的悖论：维特根斯坦、施瑞伯与精神分裂的心灵,拜德雅Paideia,"19世纪精神病学史上的著名病人施瑞伯大法官×20世纪著名哲学家维特根斯坦
——一场跨越世纪的对话！P.S. 施瑞伯的《一名神经疾病患者的回忆录》下周下厂～"
妄想的悖论：维特根斯坦、施瑞伯与精神分裂的心灵,一次买够作用子,较细致地将精神分裂通过维解释成了过度反思而不是脱离反思回归欲望。前者将哲学上的唯我论活了出来，因此也活出了唯我论的各种错误，如向另一个全能者证明自己的全能，彻底的视角性等于无视角性的被动性，各种事物内在地像物质，以及突然感觉某物充满意义。思辨式生活不是苏格拉底而是史瑞伯，这一方面反驳了精神分析退行至婴儿论，一方面微妙质疑了维特根斯坦：就算精神分裂实际上符合维对唯我论理论的归谬，但它既然能如此活着就不可能被“日常生活不这样”来治好，反过来日常之为反怀疑论的根基也变得振动异常。精神分裂让反思极端化而非让反思退化，呈现出另一片同样有意义的世界，此时生活形式就不再作为最后的基底起作用，因为前者并非不可理解的私人语言，日常生活完全可以分析这不可思议的来源，并亲眼见证它，只是之前它被误认为错在了逻辑上。
妄想的悖论：维特根斯坦、施瑞伯与精神分裂的心灵,Mega核桃,非常好的书，上架第一时间就花了四十多买的，这本书虽然不到两百页，从篇幅的角度性价比真不高，但作者的敏锐的眼光和精彩的分析让我确信这是我买过的有关精神分裂症的书里最值的一本。10/10
妄想的悖论：维特根斯坦、施瑞伯与精神分裂的心灵,猪柳蛋麦满分、,这个系列里最好读的一本。翻译得也较为顺畅，虽然个别地方让我想找来原文核对一下。对于论点，一方面不确定最终是否成立，一方面又完全明白作者的意思。
妄想的悖论：维特根斯坦、施瑞伯与精神分裂的心灵,鸿渐,"第二章写得挺清楚的，通过维特根斯坦指明的唯我论的悖论——或是作为一种能被体验的自明之理消失，或是掉进必须假设他心或二阶自我的矛盾而自毁。
唯我论者没办法保持启示感——即对偶然的认知体验的夸大——的鲜活，所以才要创造一个隐含的二阶自我，这个二阶自我以绝对他者的形象（施瑞伯的神）出现，作为一种去主体的律令来发挥作用。
因为有这样一个绝对他者，唯我论才得以在精神分裂的形式中维持，是一个绝对他者在抹除主体，这种挑战暗含了主体的最低限度的存在。精神分裂者一方面痛苦于这抹除，一方面又通过这抹除保持了双重自我。
在第二章末尾对施瑞伯和维特根斯坦身上的现代病——唯我论的将世界作为我体验的激情的受创——的暗示，见仁见智吧。
相比第二章，第一章反对疯癫—酒神解释，与第三章写精神分裂者的自我解释，稍有点模糊了。"
妄想的悖论：维特根斯坦、施瑞伯与精神分裂的心灵,宸轻箫,拙译，打卡。
妄想的悖论：维特根斯坦、施瑞伯与精神分裂的心灵,西希弗的石头,速通。妄想是理性的极致在中文世界似乎还比较新鲜。理性悬浮在非理性之上，但理性脱离生活大地同时也是一种返乡，尤其有趣的是法学家将史瑞博的法看作“大地之法”（与脱离经验的法律机器相对抗），疯狂真如作者所言脱离了酒神的传统?
妄想的悖论：维特根斯坦、施瑞伯与精神分裂的心灵,momo,不错不错
